T0841,D036
T0842,D036
T0843,D036
T0844,D036
T0845,D036
T0846,D036
T0847,D036
T0848,D036
T0849,D036
T0850,D036
T0851,D036
T0852,D036
T0853,D036
T0854,D036
T0855,D036
T0856,D036
T0857,D036
T0858,D036
T0859,D036
T0860,D036
T0861,D036
T0862,D036
T0863,D036
T0864,D036
T0865,D037
T0866,D037
T0867,D037
T0868,D037
T0869,D037
T0870,D037
T0871,D037
T0872,D037
T0873,D037
T0874,D037
T0875,D037
T0876,D037
T0877,D037
T0878,D037
T0879,D037
T0880,D037
T0881,D037
T0882,D037
T0883,D037
T0884,D037
T0885,D037
T0886,D037
T0887,D037
T0888,D037
T0889,D038
T0890,D038
T0891,D038
T0892,D038
T0893,D038
T0894,D038
T0895,D038
T0896,D038
T0897,D038
T0898,D038
T0899,D038
T0900,D038
T0901,D038
T0902,D038
T0903,D038
T0904,D038
T0905,D038
T0906,D038
T0907,D038
T0908,D038
T0909,D038
T0910,D038
T0911,D038
T0912,D038
T0913,D039
T0914,D039
T0915,D039
T0916,D039
T0917,D039
T0918,D039
T0919,D039
T0920,D039
T0921,D039
T0922,D039
T0923,D039
T0924,D039
T0925,D039
T0926,D039
T0927,D039
T0928,D039
T0929,D039
T0930,D039
T0931,D039
T0932,D039
T0933,D039
T0934,D039
T0935,D039
T0936,D039
T0937,D040
T0938,D040
T0939,D040
T0940,D040
T0941,D040
T0942,D040
T0943,D040
T0944,D040
T0945,D040
T0946,D040
T0947,D040
T0948,D040
T0949,D040
T0950,D040
T0951,D040
T0952,D040
T0953,D040
T0954,D040
T0955,D040
T0956,D040
T0957,D040
T0958,D040
T0959,D040
T0960,D040
T0961,D041
T0962,D041
T0963,D041
T0964,D041
T0965,D041
T0966,D041
T0967,D041
T0968,D041
T0969,D041
T0970,D041
T0971,D041
T0972,D041
T0973,D041
T0974,D041
T0975,D041
T0976,D041
T0977,D041
T0978,D041
T0979,D041
T0980,D041
T0981,D041
T0982,D041
T0983,D041
T0984,D041
T0985,D042
T0986,D042
T0987,D042
T0988,D042
T0989,D042
T0990,D042
T0991,D042
T0992,D042
T0993,D042
T0994,D042
T0995,D042
T0996,D042
T0997,D042
T0998,D042
T0999,D042
T1000,D042
T1001,D042
T1002,D042
T1003,D042
T1004,D042
T1005,D042
T1006,D042
T1007,D042
T1008,D042
T3025,D127
T3026,D127
T3027,D127
T3028,D127
T3029,D127
T3030,D127
T3031,D127
T3032,D127
T3033,D127
T3034,D127
T3035,D127
T3036,D127
T3037,D127
T3038,D127
T3039,D127
T3040,D127
T3041,D127
T3042,D127
T3043,D127
T3044,D127
T3045,D127
T3046,D127
T3047,D127
T3048,D127
T3049,D128
T3050,D128
T3051,D128
T3052,D128
T3053,D128
T3054,D128
T3055,D128
T3056,D128
T3057,D128
T3058,D128
T3059,D128
T3060,D128
T3061,D128
T3062,D128
T3063,D128
T3064,D128
T3065,D128
T3066,D128
T3067,D128
T3068,D128
T3069,D128
T3070,D128
T3071,D128
T3072,D128
T3073,D129
T3074,D129
T3075,D129
T3076,D129
T3077,D129
T3078,D129
T3079,D129
T3080,D129
T3081,D129
T3082,D129
T3083,D129
T3084,D129
T3085,D129
T3086,D129
T3087,D129
T3088,D129
T3089,D129
T3090,D129
T3091,D129
T3092,D129
T3093,D129
T3094,D129
T3095,D129
T3096,D129
T3097,D130
T3098,D130
T3099,D130
T3100,D130
T3101,D130
T3102,D130
T3103,D130
T3104,D130
T3105,D130
T3106,D130
T3107,D130
T3108,D130
T3109,D130
T3110,D130
T3111,D130
T3112,D130
T3113,D130
T3114,D130
T3115,D130
T3116,D130
T3117,D130
T3118,D130
T3119,D130
T3120,D130
T3121,D131
T3122,D131
T3123,D131
T3124,D131
T3125,D131
T3126,D131
T3127,D131
T3128,D131
T3129,D131
T3130,D131
T3131,D131
T3132,D131
T3133,D131
T3134,D131
T3135,D131
T3136,D131
T3137,D131
T3138,D131
T3139,D131
T3140,D131
T3141,D131
T3142,D131
T3143,D131
T3144,D131
T3145,D132
T3146,D132
T3147,D132
T3148,D132
T3149,D132
T3150,D132
T3151,D132
T3152,D132
T3153,D132
T3154,D132
T3155,D132
T3156,D132
T3157,D132
T3158,D132
T3159,D132
T3160,D132
T3161,D132
T3162,D132
T3163,D132
T3164,D132
T3165,D132
T3166,D132
T3167,D132
T3168,D132
T3169,D133
T3170,D133
T3171,D133
T3172,D133
T3173,D133
T3174,D133
T3175,D133
T3176,D133
T3177,D133
T3178,D133
T3179,D133
T3180,D133
T3181,D133
T3182,D133
T3183,D133
T3184,D133
T3185,D133
T3186,D133
T3187,D133
T3188,D133
T3189,D133
T3190,D133
T3191,D133
T3192,D133
T5209,D218
T5210,D218
T5211,D218
T5212,D218
T5213,D218
T5214,D218
T5215,D218
T5216,D218
T5217,D218
T5218,D218
T5219,D218
T5220,D218
T5221,D218
T5222,D218
T5223,D218
T5224,D218
T5225,D218
T5226,D218
T5227,D218
T5228,D218
T5229,D218
T5230,D218
T5231,D218
T5232,D218
T5233,D219
T5234,D219
T5235,D219
T5236,D219
T5237,D219
T5238,D219
T5239,D219
T5240,D219
T5241,D219
T5242,D219
T5243,D219
T5244,D219
T5245,D219
T5246,D219
T5247,D219
T5248,D219
T5249,D219
T5250,D219
T5251,D219
T5252,D219
T5253,D219
T5254,D219
T5255,D219
T5256,D219
T5257,D220
T5258,D220
T5259,D220
T5260,D220
T5261,D220
T5262,D220
T5263,D220
T5264,D220
T5265,D220
T5266,D220
T5267,D220
T5268,D220
T5269,D220
T5270,D220
T5271,D220
T5272,D220
T5273,D220
T5274,D220
T5275,D220
T5276,D220
T5277,D220
T5278,D220
T5279,D220
T5280,D220
T5281,D221
T5282,D221
T5283,D221
T5284,D221
T5285,D221
T5286,D221
T5287,D221
T5288,D221
T5289,D221
T5290,D221
T5291,D221
T5292,D221
T5293,D221
T5294,D221
T5295,D221
T5296,D221
T5297,D221
T5298,D221
T5299,D221
T5300,D221
T5301,D221
T5302,D221
T5303,D221
T5304,D221
T5305,D222
T5306,D222
T5307,D222
T5308,D222
T5309,D222
T5310,D222
T5311,D222
T5312,D222
T5313,D222
T5314,D222
T5315,D222
T5316,D222
T5317,D222
T5318,D222
T5319,D222
T5320,D222
T5321,D222
T5322,D222
T5323,D222
T5324,D222
T5325,D222
T5326,D222
T5327,D222
T5328,D222
T5329,D223
T5330,D223
T5331,D223
T5332,D223
T5333,D223
T5334,D223
T5335,D223
T5336,D223
T5337,D223
T5338,D223
T5339,D223
T5340,D223
T5341,D223
T5342,D223
T5343,D223
T5344,D223
T5345,D223
T5346,D223
T5347,D223
T5348,D223
T5349,D223
T5350,D223
T5351,D223
T5352,D223
T5353,D224
T5354,D224
T5355,D224
T5356,D224
T5357,D224
T5358,D224
T5359,D224
T5360,D224
T5361,D224
T5362,D224
T5363,D224
T5364,D224
T5365,D224
T5366,D224
T5367,D224
T5368,D224
T5369,D224
T5370,D224
T5371,D224
T5372,D224
T5373,D224
T5374,D224
T5375,D224
T5376,D224
T7393,D309
T7394,D309
T7395,D309
T7396,D309
T7397,D309
T7398,D309
T7399,D309
T7400,D309
T7401,D309
T7402,D309
T7403,D309
T7404,D309
T7405,D309
T7406,D309
T7407,D309
T7408,D309
T7409,D309
T7410,D309
T7411,D309
T7412,D309
T7413,D309
T7414,D309
T7415,D309
T7416,D309
T7417,D310
T7418,D310
T7419,D310
T7420,D310
T7421,D310
T7422,D310
T7423,D310
T7424,D310
T7425,D310
T7426,D310
T7427,D310
T7428,D310
T7429,D310
T7430,D310
T7431,D310
T7432,D310
T7433,D310
T7434,D310
T7435,D310
T7436,D310
T7437,D310
T7438,D310
T7439,D310
T7440,D310
T7441,D311
T7442,D311
T7443,D311
T7444,D311
T7445,D311
T7446,D311
T7447,D311
T7448,D311
T7449,D311
T7450,D311
T7451,D311
T7452,D311
T7453,D311
T7454,D311
T7455,D311
T7456,D311
T7457,D311
T7458,D311
T7459,D311
T7460,D311
T7461,D311
T7462,D311
T7463,D311
T7464,D311
T7465,D312
T7466,D312
T7467,D312
T7468,D312
T7469,D312
T7470,D312
T7471,D312
T7472,D312
T7473,D312
T7474,D312
T7475,D312
T7476,D312
T7477,D312
T7478,D312
T7479,D312
T7480,D312
T7481,D312
T7482,D312
T7483,D312
T7484,D312
T7485,D312
T7486,D312
T7487,D312
T7488,D312
T7489,D313
T7490,D313
T7491,D313
T7492,D313
T7493,D313
T7494,D313
T7495,D313
T7496,D313
T7497,D313
T7498,D313
T7499,D313
T7500,D313
T7501,D313
T7502,D313
T7503,D313
T7504,D313
T7505,D313
T7506,D313
T7507,D313
T7508,D313
T7509,D313
T7510,D313
T7511,D313
T7512,D313
T7513,D314
T7514,D314
T7515,D314
T7516,D314
T7517,D314
T7518,D314
T7519,D314
T7520,D314
T7521,D314
T7522,D314
T7523,D314
T7524,D314
T7525,D314
T7526,D314
T7527,D314
T7528,D314
T7529,D314
T7530,D314
T7531,D314
T7532,D314
T7533,D314
T7534,D314
T7535,D314
T7536,D314
T7537,D315
T7538,D315
T7539,D315
T7540,D315
T7541,D315
T7542,D315
T7543,D315
T7544,D315
T7545,D315
T7546,D315
T7547,D315
T7548,D315
T7549,D315
T7550,D315
T7551,D315
T7552,D315
T7553,D315
T7554,D315
T7555,D315
T7556,D315
T7557,D315
T7558,D315
T7559,D315
T7560,D315
