T0841,M02
T0842,M02
T0843,M02
T0844,M02
T0845,M02
T0846,M02
T0847,M02
T0848,M02
T0849,M02
T0850,M02
T0851,M02
T0852,M02
T0853,M02
T0854,M02
T0855,M02
T0856,M02
T0857,M02
T0858,M02
T0859,M02
T0860,M02
T0861,M02
T0862,M02
T0863,M02
T0864,M02
T0865,M02
T0866,M02
T0867,M02
T0868,M02
T0869,M02
T0870,M02
T0871,M02
T0872,M02
T0873,M02
T0874,M02
T0875,M02
T0876,M02
T0877,M02
T0878,M02
T0879,M02
T0880,M02
T0881,M02
T0882,M02
T0883,M02
T0884,M02
T0885,M02
T0886,M02
T0887,M02
T0888,M02
T0889,M02
T0890,M02
T0891,M02
T0892,M02
T0893,M02
T0894,M02
T0895,M02
T0896,M02
T0897,M02
T0898,M02
T0899,M02
T0900,M02
T0901,M02
T0902,M02
T0903,M02
T0904,M02
T0905,M02
T0906,M02
T0907,M02
T0908,M02
T0909,M02
T0910,M02
T0911,M02
T0912,M02
T0913,M02
T0914,M02
T0915,M02
T0916,M02
T0917,M02
T0918,M02
T0919,M02
T0920,M02
T0921,M02
T0922,M02
T0923,M02
T0924,M02
T0925,M02
T0926,M02
T0927,M02
T0928,M02
T0929,M02
T0930,M02
T0931,M02
T0932,M02
T0933,M02
T0934,M02
T0935,M02
T0936,M02
T0937,M02
T0938,M02
T0939,M02
T0940,M02
T0941,M02
T0942,M02
T0943,M02
T0944,M02
T0945,M02
T0946,M02
T0947,M02
T0948,M02
T0949,M02
T0950,M02
T0951,M02
T0952,M02
T0953,M02
T0954,M02
T0955,M02
T0956,M02
T0957,M02
T0958,M02
T0959,M02
T0960,M02
T0961,M02
T0962,M02
T0963,M02
T0964,M02
T0965,M02
T0966,M02
T0967,M02
T0968,M02
T0969,M02
T0970,M02
T0971,M02
T0972,M02
T0973,M02
T0974,M02
T0975,M02
T0976,M02
T0977,M02
T0978,M02
T0979,M02
T0980,M02
T0981,M02
T0982,M02
T0983,M02
T0984,M02
T0985,M02
T0986,M02
T0987,M02
T0988,M02
T0989,M02
T0990,M02
T0991,M02
T0992,M02
T0993,M02
T0994,M02
T0995,M02
T0996,M02
T0997,M02
T0998,M02
T0999,M02
T1000,M02
T1001,M02
T1002,M02
T1003,M02
T1004,M02
T1005,M02
T1006,M02
T1007,M02
T1008,M02
T3025,M05
T3026,M05
T3027,M05
T3028,M05
T3029,M05
T3030,M05
T3031,M05
T3032,M05
T3033,M05
T3034,M05
T3035,M05
T3036,M05
T3037,M05
T3038,M05
T3039,M05
T3040,M05
T3041,M05
T3042,M05
T3043,M05
T3044,M05
T3045,M05
T3046,M05
T3047,M05
T3048,M05
T3049,M05
T3050,M05
T3051,M05
T3052,M05
T3053,M05
T3054,M05
T3055,M05
T3056,M05
T3057,M05
T3058,M05
T3059,M05
T3060,M05
T3061,M05
T3062,M05
T3063,M05
T3064,M05
T3065,M05
T3066,M05
T3067,M05
T3068,M05
T3069,M05
T3070,M05
T3071,M05
T3072,M05
T3073,M05
T3074,M05
T3075,M05
T3076,M05
T3077,M05
T3078,M05
T3079,M05
T3080,M05
T3081,M05
T3082,M05
T3083,M05
T3084,M05
T3085,M05
T3086,M05
T3087,M05
T3088,M05
T3089,M05
T3090,M05
T3091,M05
T3092,M05
T3093,M05
T3094,M05
T3095,M05
T3096,M05
T3097,M05
T3098,M05
T3099,M05
T3100,M05
T3101,M05
T3102,M05
T3103,M05
T3104,M05
T3105,M05
T3106,M05
T3107,M05
T3108,M05
T3109,M05
T3110,M05
T3111,M05
T3112,M05
T3113,M05
T3114,M05
T3115,M05
T3116,M05
T3117,M05
T3118,M05
T3119,M05
T3120,M05
T3121,M05
T3122,M05
T3123,M05
T3124,M05
T3125,M05
T3126,M05
T3127,M05
T3128,M05
T3129,M05
T3130,M05
T3131,M05
T3132,M05
T3133,M05
T3134,M05
T3135,M05
T3136,M05
T3137,M05
T3138,M05
T3139,M05
T3140,M05
T3141,M05
T3142,M05
T3143,M05
T3144,M05
T3145,M05
T3146,M05
T3147,M05
T3148,M05
T3149,M05
T3150,M05
T3151,M05
T3152,M05
T3153,M05
T3154,M05
T3155,M05
T3156,M05
T3157,M05
T3158,M05
T3159,M05
T3160,M05
T3161,M05
T3162,M05
T3163,M05
T3164,M05
T3165,M05
T3166,M05
T3167,M05
T3168,M05
T3169,M05
T3170,M05
T3171,M05
T3172,M05
T3173,M05
T3174,M05
T3175,M05
T3176,M05
T3177,M05
T3178,M05
T3179,M05
T3180,M05
T3181,M05
T3182,M05
T3183,M05
T3184,M05
T3185,M05
T3186,M05
T3187,M05
T3188,M05
T3189,M05
T3190,M05
T3191,M05
T3192,M05
T5209,M08
T5210,M08
T5211,M08
T5212,M08
T5213,M08
T5214,M08
T5215,M08
T5216,M08
T5217,M08
T5218,M08
T5219,M08
T5220,M08
T5221,M08
T5222,M08
T5223,M08
T5224,M08
T5225,M08
T5226,M08
T5227,M08
T5228,M08
T5229,M08
T5230,M08
T5231,M08
T5232,M08
T5233,M08
T5234,M08
T5235,M08
T5236,M08
T5237,M08
T5238,M08
T5239,M08
T5240,M08
T5241,M08
T5242,M08
T5243,M08
T5244,M08
T5245,M08
T5246,M08
T5247,M08
T5248,M08
T5249,M08
T5250,M08
T5251,M08
T5252,M08
T5253,M08
T5254,M08
T5255,M08
T5256,M08
T5257,M08
T5258,M08
T5259,M08
T5260,M08
T5261,M08
T5262,M08
T5263,M08
T5264,M08
T5265,M08
T5266,M08
T5267,M08
T5268,M08
T5269,M08
T5270,M08
T5271,M08
T5272,M08
T5273,M08
T5274,M08
T5275,M08
T5276,M08
T5277,M08
T5278,M08
T5279,M08
T5280,M08
T5281,M08
T5282,M08
T5283,M08
T5284,M08
T5285,M08
T5286,M08
T5287,M08
T5288,M08
T5289,M08
T5290,M08
T5291,M08
T5292,M08
T5293,M08
T5294,M08
T5295,M08
T5296,M08
T5297,M08
T5298,M08
T5299,M08
T5300,M08
T5301,M08
T5302,M08
T5303,M08
T5304,M08
T5305,M08
T5306,M08
T5307,M08
T5308,M08
T5309,M08
T5310,M08
T5311,M08
T5312,M08
T5313,M08
T5314,M08
T5315,M08
T5316,M08
T5317,M08
T5318,M08
T5319,M08
T5320,M08
T5321,M08
T5322,M08
T5323,M08
T5324,M08
T5325,M08
T5326,M08
T5327,M08
T5328,M08
T5329,M08
T5330,M08
T5331,M08
T5332,M08
T5333,M08
T5334,M08
T5335,M08
T5336,M08
T5337,M08
T5338,M08
T5339,M08
T5340,M08
T5341,M08
T5342,M08
T5343,M08
T5344,M08
T5345,M08
T5346,M08
T5347,M08
T5348,M08
T5349,M08
T5350,M08
T5351,M08
T5352,M08
T5353,M08
T5354,M08
T5355,M08
T5356,M08
T5357,M08
T5358,M08
T5359,M08
T5360,M08
T5361,M08
T5362,M08
T5363,M08
T5364,M08
T5365,M08
T5366,M08
T5367,M08
T5368,M08
T5369,M08
T5370,M08
T5371,M08
T5372,M08
T5373,M08
T5374,M08
T5375,M08
T5376,M08
T7393,M11
T7394,M11
T7395,M11
T7396,M11
T7397,M11
T7398,M11
T7399,M11
T7400,M11
T7401,M11
T7402,M11
T7403,M11
T7404,M11
T7405,M11
T7406,M11
T7407,M11
T7408,M11
T7409,M11
T7410,M11
T7411,M11
T7412,M11
T7413,M11
T7414,M11
T7415,M11
T7416,M11
T7417,M11
T7418,M11
T7419,M11
T7420,M11
T7421,M11
T7422,M11
T7423,M11
T7424,M11
T7425,M11
T7426,M11
T7427,M11
T7428,M11
T7429,M11
T7430,M11
T7431,M11
T7432,M11
T7433,M11
T7434,M11
T7435,M11
T7436,M11
T7437,M11
T7438,M11
T7439,M11
T7440,M11
T7441,M11
T7442,M11
T7443,M11
T7444,M11
T7445,M11
T7446,M11
T7447,M11
T7448,M11
T7449,M11
T7450,M11
T7451,M11
T7452,M11
T7453,M11
T7454,M11
T7455,M11
T7456,M11
T7457,M11
T7458,M11
T7459,M11
T7460,M11
T7461,M11
T7462,M11
T7463,M11
T7464,M11
T7465,M11
T7466,M11
T7467,M11
T7468,M11
T7469,M11
T7470,M11
T7471,M11
T7472,M11
T7473,M11
T7474,M11
T7475,M11
T7476,M11
T7477,M11
T7478,M11
T7479,M11
T7480,M11
T7481,M11
T7482,M11
T7483,M11
T7484,M11
T7485,M11
T7486,M11
T7487,M11
T7488,M11
T7489,M11
T7490,M11
T7491,M11
T7492,M11
T7493,M11
T7494,M11
T7495,M11
T7496,M11
T7497,M11
T7498,M11
T7499,M11
T7500,M11
T7501,M11
T7502,M11
T7503,M11
T7504,M11
T7505,M11
T7506,M11
T7507,M11
T7508,M11
T7509,M11
T7510,M11
T7511,M11
T7512,M11
T7513,M11
T7514,M11
T7515,M11
T7516,M11
T7517,M11
T7518,M11
T7519,M11
T7520,M11
T7521,M11
T7522,M11
T7523,M11
T7524,M11
T7525,M11
T7526,M11
T7527,M11
T7528,M11
T7529,M11
T7530,M11
T7531,M11
T7532,M11
T7533,M11
T7534,M11
T7535,M11
T7536,M11
T7537,M11
T7538,M11
T7539,M11
T7540,M11
T7541,M11
T7542,M11
T7543,M11
T7544,M11
T7545,M11
T7546,M11
T7547,M11
T7548,M11
T7549,M11
T7550,M11
T7551,M11
T7552,M11
T7553,M11
T7554,M11
T7555,M11
T7556,M11
T7557,M11
T7558,M11
T7559,M11
T7560,M11
