T0001,2.6
T0002,1.7
T0003,1.4
T0004,2.1
T0005,2.2
T0006,2.8
T0007,4.2
T0008,5
T0009,4.9
T0010,5
T0011,5.1
T0012,5.3
T0013,5.5
T0014,5.5
T0015,5.4
T0016,5.2
T0017,5
T0018,4.7
T0019,4.3
T0020,3.9
T0021,3.3
T0022,2.7
T0023,1.6
T0024,1.5
T0025,1.5
T0026,1.4
T0027,1.4
T0028,1.3
T0029,1.4
T0030,1.3
T0031,1.4
T0032,1.7
T0033,1.9
T0034,2.4
T0035,2.4
T0036,2.2
T0037,2
T0038,2.2
T0039,2.2
T0040,2
T0041,1.9
T0042,2
T0043,2.1
T0044,2.5
T0045,2.5
T0046,2
T0047,1.6
T0048,2.1
T0049,3
T0050,3.6
T0051,4
T0052,4.4
T0053,4.7
T0054,5.1
T0055,5.2
T0056,4.9
T0057,5
T0058,5.1
T0059,5.6
T0060,6.1
T0061,6.4
T0062,6.7
T0063,6.5
T0064,6.5
T0065,6.1
T0066,5.6
T0067,5.1
T0068,4.5
T0069,4.9
T0070,4.6
T0071,4.2
T0072,3.9
T0073,4
T0074,4.3
T0075,4.6
T0076,5
T0077,5.4
T0078,4.8
T0079,5
T0080,5.2
T0081,3.4
T0082,2.3
T0083,1.4
T0084,3.3
T0085,4.6
T0086,4.9
T0087,5.1
T0088,5.3
T0089,4.9
T0090,4.8
T0091,4.5
T0092,4.3
T0093,4.1
T0094,3.7
T0095,3.1
T0096,2.1
T0097,0
T0098,-0.1
T0099,0.2
T0100,0.3
T0101,0.5
T0102,-0.8
T0103,-1
T0104,-0.6
T0105,0.6
T0106,0.8
T0107,1.4
T0108,3
T0109,3.6
T0110,4.1
T0111,4.2
T0112,4.2
T0113,3.8
T0114,3.9
T0115,4.3
T0116,4.7
T0117,4.9
T0118,5.4
T0119,5.4
T0120,5.4
T0121,5.3
T0122,5.2
T0123,5.2
T0124,5.2
T0125,5.4
T0126,5.5
T0127,5.5
T0128,5.6
T0129,5.7
T0130,5.8
T0131,5.9
T0132,6.1
T0133,6.3
T0134,6.5
T0135,6.3
T0136,6.3
T0137,6.1
T0138,6
T0139,5.9
T0140,5.8
T0141,5.6
T0142,5.4
T0143,5.2
T0144,4.9
T0145,4.9
T0146,4.9
T0147,4.8
T0148,4.6
T0149,4.5
T0150,4.2
T0151,4.1
T0152,4
T0153,3.9
T0154,3.9
T0155,4.2
T0156,4.9
T0157,5.8
T0158,6.4
T0159,6.7
T0160,7
T0161,6.7
T0162,6.6
T0163,6.1
T0164,5.5
T0165,5.3
T0166,5.3
T0167,5.5
T0168,5.8
T0169,5.8
T0170,6.1
T0171,6.1
T0172,6.1
T0173,6.4
T0174,6.2
T0175,6.4
T0176,6.7
T0177,6.9
T0178,7.2
T0179,7.6
T0180,7.9
T0181,8.3
T0182,8.5
T0183,8.7
T0184,8.3
T0185,7.7
T0186,7.6
T0187,7.1
T0188,5.6
T0189,5.3
T0190,4.8
T0191,4.2
T0192,4.4
T0193,4.3
T0194,4.1
T0195,3.2
T0196,2.6
T0197,2
T0198,1.9
T0199,2.8
T0200,3.5
T0201,3.9
T0202,4.8
T0203,5.2
T0204,5.2
T0205,5.2
T0206,5.3
T0207,5.4
T0208,6
T0209,6.6
T0210,6.9
T0211,7.3
T0212,7.8
T0213,8.1
T0214,7.7
T0215,7.3
T0216,7.4
T0217,7.6
T0218,7
T0219,6.6
T0220,6.1
T0221,6.1
T0222,5.9
T0223,6.4
T0224,6.7
T0225,6.9
T0226,6.9
T0227,6.8
T0228,7
T0229,7.1
T0230,7
T0231,7.1
T0232,7
T0233,6.3
T0234,5.3
T0235,5
T0236,5.1
T0237,5.5
T0238,5.8
T0239,5.4
T0240,5.2
T0241,5
T0242,4.8
T0243,4.5
T0244,4
T0245,4.1
T0246,4.3
T0247,4.7
T0248,4.6
T0249,4.3
T0250,3.9
T0251,4.3
T0252,4.6
T0253,5
T0254,5.5
T0255,5.7
T0256,5.4
T0257,5.3
T0258,5.2
T0259,5.3
T0260,5.5
T0261,5.6
T0262,5.8
T0263,5.9
T0264,6
T0265,6.1
T0266,6.1
T0267,6.1
T0268,6.2
T0269,6
T0270,5.9
T0271,6
T0272,6
T0273,6.1
T0274,6.1
T0275,6.2
T0276,6.2
T0277,6.2
T0278,6.2
T0279,6
T0280,5.7
T0281,5.6
T0282,5.2
T0283,4.9
T0284,4.8
T0285,4.7
T0286,4.7
T0287,5
T0288,5.4
T0289,5.8
T0290,5.5
T0291,5.7
T0292,4.9
T0293,4.7
T0294,5.4
T0295,5.2
T0296,4.6
T0297,4.5
T0298,4.6
T0299,5
T0300,5.5
T0301,5.7
T0302,5.7
T0303,5.8
T0304,5.7
T0305,5.4
T0306,5
T0307,4.9
T0308,5.1
T0309,5.2
T0310,5
T0311,4.9
T0312,5
T0313,5
T0314,5.1
T0315,5.1
T0316,5.1
T0317,4.9
T0318,4.9
T0319,5
T0320,5.2
T0321,5.3
T0322,5.4
T0323,5.8
T0324,6.1
T0325,6.9
T0326,7.9
T0327,7.8
T0328,6.9
T0329,6.2
T0330,6.4
T0331,6.2
T0332,6.7
T0333,7
T0334,7.4
T0335,7.6
T0336,7.8
T0337,8.5
T0338,8.9
T0339,8.9
T0340,8.9
T0341,9.7
T0342,10.2
T0343,10.1
T0344,10.6
T0345,10.7
T0346,10.7
T0347,10.7
T0348,11
T0349,11.4
T0350,10.9
T0351,10.1
T0352,10.1
T0353,9.1
T0354,10
T0355,9.8
T0356,9.1
T0357,8.9
T0358,7.5
T0359,6
T0360,5.2
T0361,5.1
T0362,5.5
T0363,5.9
T0364,5.7
T0365,5.4
T0366,5.4
T0367,5.8
T0368,6
T0369,6.2
T0370,6.4
T0371,7
T0372,7.4
T0373,7.6
T0374,7.6
T0375,7
T0376,6.6
T0377,6.1
T0378,4.6
T0379,5
T0380,4.9
T0381,4.4
T0382,4.8
T0383,5.1
T0384,5.3
T0385,5.5
T0386,5.6
T0387,5.5
T0388,5.4
T0389,5.3
T0390,5.2
T0391,5.2
T0392,5.2
T0393,5.4
T0394,5.6
T0395,6
T0396,6.3
T0397,6.5
T0398,6.6
T0399,6.4
T0400,6.2
T0401,6
T0402,5.5
T0403,5.6
T0404,5.5
T0405,5.4
T0406,5.6
T0407,5.7
T0408,5.6
T0409,5.6
T0410,6
T0411,6.8
T0412,7
T0413,6.6
T0414,6
T0415,5.9
T0416,5.9
T0417,5.8
T0418,5.5
T0419,5.6
T0420,5.9
T0421,5.9
T0422,6
T0423,6
T0424,6.1
T0425,6
T0426,5.7
T0427,5.5
T0428,5.4
T0429,5.2
T0430,4.7
T0431,4.6
T0432,4.3
T0433,3.8
T0434,3.8
T0435,3.5
T0436,3.3
T0437,2.9
T0438,2.6
T0439,2.7
T0440,3.4
T0441,4.1
T0442,3.4
T0443,4.5
T0444,5.6
T0445,6.3
T0446,6.9
T0447,6.9
T0448,6.3
T0449,4.7
T0450,3.3
T0451,2.3
T0452,2
T0453,1.9
T0454,1.4
T0455,1.1
T0456,0.4
T0457,-0.6
T0458,0.2
T0459,0.6
T0460,1.5
T0461,2.4
T0462,3.2
T0463,3.9
T0464,4
T0465,4.2
T0466,4.4
T0467,4.8
T0468,5.4
T0469,6
T0470,6.7
T0471,6.9
T0472,6.5
T0473,6
T0474,6
T0475,6.2
T0476,6.6
T0477,6.6
T0478,6.5
T0479,6.5
T0480,6.4
T0481,6.4
T0482,6.3
T0483,6.2
T0484,6.1
T0485,6.1
T0486,6.2
T0487,6.2
T0488,6.2
T0489,6.4
T0490,6.8
T0491,7
T0492,7.3
T0493,7.4
T0494,7.4
T0495,7.3
T0496,7.5
T0497,7.5
T0498,7.2
T0499,7.4
T0500,7.5
T0501,7.2
T0502,6.9
T0503,6.7
T0504,6.7
T0505,6.5
T0506,6.3
T0507,5.8
T0508,5.9
T0509,6.1
T0510,6
T0511,5.9
T0512,6
T0513,6
T0514,6
T0515,6.5
T0516,7.3
T0517,8.2
T0518,8.1
T0519,7.8
T0520,6.9
T0521,5.5
T0522,4.9
T0523,3.4
T0524,2.7
T0525,1.8
T0526,0.5
T0527,0.1
T0528,-0.8
T0529,-1.2
T0530,-1.2
T0531,-1.5
T0532,0.3
T0533,0.7
T0534,2.1
T0535,3.2
T0536,3.6
T0537,4.2
T0538,4.7
T0539,5.2
T0540,5.3
T0541,5.4
T0542,5.6
T0543,5.8
T0544,5.8
T0545,5.5
T0546,5.5
T0547,5.6
T0548,5.5
T0549,5.4
T0550,5.4
T0551,5.5
T0552,5.5
T0553,5.6
T0554,5.6
T0555,5.5
T0556,5.4
T0557,5.4
T0558,5.5
T0559,5.6
T0560,5.6
T0561,5.6
T0562,5.9
T0563,6.3
T0564,6.6
T0565,7
T0566,7.3
T0567,7.3
T0568,7.1
T0569,6.6
T0570,6.5
T0571,6.4
T0572,6.4
T0573,6.4
T0574,6.7
T0575,6.6
T0576,6.3
T0577,6.4
T0578,6.3
T0579,5.5
T0580,5
T0581,4.3
T0582,4.3
T0583,4.1
T0584,4
T0585,4.7
T0586,4.9
T0587,5.8
T0588,6.6
T0589,6.7
T0590,7.3
T0591,7.5
T0592,6.8
T0593,6.2
T0594,6
T0595,6
T0596,5.8
T0597,5.7
T0598,5.6
T0599,5.3
T0600,5.1
T0601,4.9
T0602,4.7
T0603,4.6
T0604,4.5
T0605,4.3
T0606,4.4
T0607,4.3
T0608,4.2
T0609,4.3
T0610,4.2
T0611,4.3
T0612,4.4
T0613,4.5
T0614,4.6
T0615,4.7
T0616,4.5
T0617,3.6
T0618,3.2
T0619,3.4
T0620,3.5
T0621,4
T0622,4
T0623,3.8
T0624,3.7
T0625,3.5
T0626,3.2
T0627,2.9
T0628,3.3
T0629,3.6
T0630,3.8
T0631,3.8
T0632,3.5
T0633,3.6
T0634,4.1
T0635,4.3
T0636,4.5
T0637,4.8
T0638,5
T0639,5.4
T0640,5.6
T0641,5.7
T0642,5.6
T0643,5.5
T0644,5.6
T0645,5.7
T0646,5.7
T0647,5.7
T0648,5.6
T0649,5.5
T0650,5.4
T0651,5.4
T0652,5.4
T0653,5.4
T0654,5.2
T0655,4.9
T0656,5
T0657,5
T0658,5.2
T0659,5.3
T0660,5.2
T0661,5.6
T0662,5.9
T0663,5.8
T0664,5.6
T0665,5.6
T0666,5.5
T0667,5
T0668,5
T0669,4.4
T0670,4.3
T0671,4.3
T0672,3.8
T0673,3.7
T0674,4.5
T0675,4.7
T0676,4.1
T0677,3.5
T0678,3.3
T0679,3.2
T0680,3.3
T0681,3.6
T0682,4
T0683,4.7
T0684,4.9
T0685,5.5
T0686,5.4
T0687,5.4
T0688,5.6
T0689,5.5
T0690,5.1
T0691,4.9
T0692,4.6
T0693,4.7
T0694,4.9
T0695,4.9
T0696,4.9
T0697,5
T0698,4.6
T0699,4.5
T0700,4.8
T0701,4.2
T0702,3.7
T0703,4.2
T0704,5.2
T0705,6
T0706,6.5
T0707,6.5
T0708,7.1
T0709,8
T0710,7.9
T0711,7.9
T0712,8
T0713,7.6
T0714,7.3
T0715,6.8
T0716,6.6
T0717,6.4
T0718,6.1
T0719,5.8
T0720,5.7
T0721,5.9
T0722,6.5
T0723,7.5
T0724,8.1
T0725,8.3
T0726,8.2
T0727,8.2
T0728,8.2
T0729,8
T0730,7.9
T0731,8.2
T0732,8.4
T0733,8.5
T0734,8.5
T0735,8.2
T0736,7.3
T0737,7
T0738,6.6
T0739,6.5
T0740,6.6
T0741,7
T0742,7.3
T0743,7.5
T0744,7.7
T0745,7.6
T0746,8
T0747,8.3
T0748,8.2
T0749,8.2
T0750,8.5
T0751,8.6
T0752,8.8
T0753,8.8
T0754,8.7
T0755,8.7
T0756,8.9
T0757,9
T0758,9.1
T0759,9
T0760,8.7
T0761,8.5
T0762,8.4
T0763,8.1
T0764,7.6
T0765,7.4
T0766,7.5
T0767,7.4
T0768,6.9
T0769,6.9
T0770,7.3
T0771,6.4
T0772,5.8
T0773,5.8
T0774,5.8
T0775,5.7
T0776,5.2
T0777,5.1
T0778,5.4
T0779,6.1
T0780,6.7
T0781,6.8
T0782,6.2
T0783,6
T0784,5.5
T0785,5.1
T0786,5
T0787,4.5
T0788,3.3
T0789,3
T0790,2.6
T0791,2.2
T0792,1.8
T0793,1.4
T0794,1.9
T0795,2.2
T0796,2.4
T0797,2.2
T0798,2.2
T0799,2.4
T0800,3.1
T0801,2.7
T0802,3.2
T0803,4.5
T0804,5.2
T0805,5.4
T0806,4.9
T0807,4.8
T0808,5
T0809,5
T0810,5.1
T0811,5.5
T0812,6.6
T0813,5.7
T0814,5.5
T0815,5.2
T0816,4.8
T0817,4.6
T0818,4.6
T0819,4.3
T0820,4
T0821,3.8
T0822,3.6
T0823,3.5
T0824,3.4
T0825,3.4
T0826,4
T0827,4.8
T0828,5
T0829,3.7
T0830,3.7
T0831,3.9
T0832,3.9
T0833,3.6
T0834,3.5
T0835,3.8
T0836,4.1
T0837,3.9
T0838,3.6
T0839,3.4
T0840,3.2
T0841,3
T0842,2.6
T0843,2.2
T0844,1.3
T0845,0.5
T0846,0
T0847,-0.7
T0848,-1.7
T0849,-0.9
T0850,1.5
T0851,3.5
T0852,4.8
T0853,5.4
T0854,5.8
T0855,6.1
T0856,5.5
T0857,5.4
T0858,5.2
T0859,5.3
T0860,5
T0861,5
T0862,5.5
T0863,5.3
T0864,5.3
T0865,5.2
T0866,5.5
T0867,5.8
T0868,6
T0869,5.8
T0870,5.6
T0871,6
T0872,6.3
T0873,6.5
T0874,6.9
T0875,7.6
T0876,7.8
T0877,7.9
T0878,8.2
T0879,8.5
T0880,8.6
T0881,8
T0882,7.3
T0883,6.3
T0884,5.7
T0885,5.7
T0886,6.1
T0887,5.8
T0888,5.6
T0889,5.2
T0890,5.2
T0891,4.9
T0892,4.5
T0893,4.2
T0894,4.2
T0895,4.1
T0896,4.2
T0897,4.3
T0898,4.4
T0899,4.4
T0900,4.4
T0901,4.5
T0902,4.6
T0903,4.9
T0904,5
T0905,4.8
T0906,4.9
T0907,4.9
T0908,4.8
T0909,4.8
T0910,4.8
T0911,4.7
T0912,4.7
T0913,4.6
T0914,4.6
T0915,4.8
T0916,4.8
T0917,4.9
T0918,4.8
T0919,4.6
T0920,4.1
T0921,4.4
T0922,4.9
T0923,5.1
T0924,5.3
T0925,5.3
T0926,5.3
T0927,4.9
T0928,4.7
T0929,4.5
T0930,4.7
T0931,5.2
T0932,5.6
T0933,5.5
T0934,5.5
T0935,5.8
T0936,6.1
T0937,6.4
T0938,6.4
T0939,6.2
T0940,6.1
T0941,5.7
T0942,5.9
T0943,5.8
T0944,5.9
T0945,6
T0946,6.3
T0947,6.5
T0948,6.8
T0949,7
T0950,7.2
T0951,7
T0952,7.2
T0953,7.9
T0954,7.9
T0955,8.3
T0956,8.3
T0957,8.2
T0958,8.2
T0959,8.7
T0960,7.9
T0961,7.8
T0962,8
T0963,8.1
T0964,7.4
T0965,6.7
T0966,6.7
T0967,6.6
T0968,6.9
T0969,5.7
T0970,5.8
T0971,6.3
T0972,7.5
T0973,7.6
T0974,6.4
T0975,6.1
T0976,5.8
T0977,5.5
T0978,5
T0979,4.9
T0980,4.8
T0981,3.9
T0982,3.7
T0983,3.6
T0984,3.3
T0985,3
T0986,3.3
T0987,3.1
T0988,2.9
T0989,2.7
T0990,3
T0991,3
T0992,2.8
T0993,3.4
T0994,3
T0995,3.6
T0996,4.7
T0997,5.2
T0998,5.9
T0999,6.2
T1000,5.4
T1001,4.8
T1002,4
T1003,3.8
T1004,4.1
T1005,4.1
T1006,3.6
T1007,3.6
T1008,3.8
T1009,3.5
T1010,3.4
T1011,3.2
T1012,3
T1013,3.5
T1014,3.5
T1015,3.7
T1016,3.9
T1017,4.2
T1018,4.6
T1019,4.2
T1020,4.6
T1021,5
T1022,5
T1023,5.2
T1024,5.2
T1025,5
T1026,4.6
T1027,4.5
T1028,4.3
T1029,4.4
T1030,4.4
T1031,4.1
T1032,3.9
T1033,3.4
T1034,3.3
T1035,3.7
T1036,4.1
T1037,3.6
T1038,3.1
T1039,3.2
T1040,2.9
T1041,3.1
T1042,3.8
T1043,4.6
T1044,5.3
T1045,5.7
T1046,5.9
T1047,5.6
T1048,4.5
T1049,3.8
T1050,3.5
T1051,3.9
T1052,4.2
T1053,4.2
T1054,4.3
T1055,3.9
T1056,3.8
T1057,3.7
T1058,3.5
T1059,3.3
T1060,3.3
T1061,3.3
T1062,3.2
T1063,3.4
T1064,3.4
T1065,3.3
T1066,4.3
T1067,5.2
T1068,5.4
T1069,5.1
T1070,5.3
T1071,6.1
T1072,5.7
T1073,4.3
T1074,3.8
T1075,3.3
T1076,3.7
T1077,4
T1078,3.4
T1079,3.2
T1080,3.5
T1081,4
T1082,4.4
T1083,4.4
T1084,4.4
T1085,4.6
T1086,4.8
T1087,5
T1088,4.8
T1089,4.8
T1090,5.2
T1091,5.7
T1092,6
T1093,6.1
T1094,6.1
T1095,6
T1096,6
T1097,6.2
T1098,6.3
T1099,6.5
T1100,6.6
T1101,6.5
T1102,6.6
T1103,6.9
T1104,6.6
T1105,6.6
T1106,6.7
T1107,6.4
T1108,6.8
T1109,7.5
T1110,7.7
T1111,7.7
T1112,7.6
T1113,8.1
T1114,8.5
T1115,8.5
T1116,8.8
T1117,9.2
T1118,8.9
T1119,9.2
T1120,10
T1121,9.9
T1122,10.1
T1123,8.6
T1124,7.8
T1125,7.9
T1126,7.5
T1127,6.7
T1128,6.8
T1129,7
T1130,7.3
T1131,7
T1132,6.6
T1133,6.6
T1134,6.6
T1135,6.6
T1136,6.2
T1137,6.7
T1138,7
T1139,7
T1140,7.2
T1141,7.8
T1142,8.4
T1143,8.2
T1144,8.2
T1145,7.4
T1146,7.1
T1147,7.1
T1148,6.7
T1149,6.7
T1150,6.6
T1151,6.3
T1152,5.9
T1153,5.7
T1154,5.8
T1155,6.1
T1156,6.2
T1157,6.3
T1158,6.3
T1159,6.3
T1160,5.7
T1161,5.7
T1162,5.9
T1163,6.4
T1164,6.7
T1165,6.2
T1166,5.6
T1167,6.5
T1168,6.3
T1169,5.8
T1170,5.3
T1171,4.9
T1172,4.9
T1173,4.9
T1174,5
T1175,5.1
T1176,5.3
T1177,5.3
T1178,5.2
T1179,5.1
T1180,5.2
T1181,5.5
T1182,5.4
T1183,5.4
T1184,4.7
T1185,4.6
T1186,4.2
T1187,3.4
T1188,4.8
T1189,5.3
T1190,5.9
T1191,6
T1192,5.9
T1193,5.6
T1194,4.6
T1195,3.6
T1196,3.6
T1197,3.6
T1198,4.2
T1199,4.4
T1200,4.5
T1201,4.7
T1202,4.7
T1203,4.6
T1204,4.3
T1205,3.5
T1206,2.6
T1207,2.9
T1208,3.3
T1209,4
T1210,4.2
T1211,4.3
T1212,4.1
T1213,4.3
T1214,4.5
T1215,4.7
T1216,5
T1217,5.3
T1218,5.6
T1219,5.8
T1220,5.9
T1221,6
T1222,6.1
T1223,6.1
T1224,6
T1225,6
T1226,5.1
T1227,4.7
T1228,4.6
T1229,4.5
T1230,4.2
T1231,3.9
T1232,3.8
T1233,4.4
T1234,5.4
T1235,6.6
T1236,7.2
T1237,7.6
T1238,8.1
T1239,7.8
T1240,7.5
T1241,6.8
T1242,6.1
T1243,5.9
T1244,5.8
T1245,6
T1246,6.2
T1247,5.9
T1248,6
T1249,6
T1250,6.1
T1251,6.3
T1252,6.3
T1253,6.3
T1254,6.5
T1255,6.7
T1256,7
T1257,7.1
T1258,6.9
T1259,6.9
T1260,6.9
T1261,7.2
T1262,7
T1263,7.7
T1264,7.9
T1265,5.5
T1266,5.5
T1267,5.9
T1268,6.1
T1269,6.1
T1270,5.3
T1271,4.9
T1272,5.2
T1273,5.1
T1274,4.9
T1275,4.4
T1276,4.7
T1277,4.3
T1278,4.2
T1279,4.3
T1280,4.4
T1281,4.8
T1282,5.4
T1283,5.9
T1284,5.7
T1285,6.4
T1286,5.9
T1287,4.7
T1288,4.2
T1289,4.2
T1290,4
T1291,4
T1292,3.4
T1293,3.6
T1294,3.7
T1295,4
T1296,4.5
T1297,5.2
T1298,5.2
T1299,5.2
T1300,5.4
T1301,5.1
T1302,4.8
T1303,4.1
T1304,3.8
T1305,4.2
T1306,5
T1307,5.6
T1308,5.9
T1309,5.8
T1310,5.7
T1311,5.7
T1312,5.1
T1313,4.6
T1314,4.1
T1315,4.2
T1316,4.5
T1317,4.2
T1318,3.3
T1319,3.3
T1320,3.6
T1321,3.4
T1322,3.4
T1323,3.5
T1324,4
T1325,4.9
T1326,5.6
T1327,5.4
T1328,4.7
T1329,5
T1330,5.4
T1331,5.1
T1332,5.8
T1333,6.3
T1334,6.1
T1335,5.8
T1336,5.3
T1337,5.2
T1338,5.2
T1339,4.4
T1340,3.4
T1341,3.2
T1342,2.9
T1343,2.6
T1344,2.6
T1345,2.7
T1346,2.8
T1347,2.4
T1348,2.4
T1349,2.1
T1350,1.6
T1351,1.5
T1352,1.5
T1353,2
T1354,2.6
T1355,2.7
T1356,2.5
T1357,2.6
T1358,2.5
T1359,2.5
T1360,2.3
T1361,2.2
T1362,2
T1363,2
T1364,2.1
T1365,2.1
T1366,2
T1367,1.8
T1368,1.6
T1369,1.4
T1370,0.8
T1371,-0.2
T1372,-0.4
T1373,-0.1
T1374,-0.8
T1375,-1.1
T1376,-0.6
T1377,0.5
T1378,1.8
T1379,2.4
T1380,2.8
T1381,3.3
T1382,3.3
T1383,3.6
T1384,3.5
T1385,3.3
T1386,2.8
T1387,1.8
T1388,2.1
T1389,2
T1390,1.9
T1391,0.9
T1392,0.1
T1393,-0.7
T1394,-0.8
T1395,-0.8
T1396,-0.3
T1397,1.1
T1398,2.2
T1399,1.9
T1400,2.5
T1401,3
T1402,3.3
T1403,4.1
T1404,4.7
T1405,5.4
T1406,6
T1407,6.6
T1408,6.9
T1409,6
T1410,5.1
T1411,3.3
T1412,3.4
T1413,3.2
T1414,3.4
T1415,3.3
T1416,3.4
T1417,5.2
T1418,4.5
T1419,4.6
T1420,4.5
T1421,4.3
T1422,4.5
T1423,4.9
T1424,4.9
T1425,5.3
T1426,5.6
T1427,5.8
T1428,6.8
T1429,6.5
T1430,6.6
T1431,6.7
T1432,6.8
T1433,5.9
T1434,4.8
T1435,4.4
T1436,4.4
T1437,4.3
T1438,4.4
T1439,3.9
T1440,4.1
T1441,3.9
T1442,4.2
T1443,4.2
T1444,4.3
T1445,4.6
T1446,4.7
T1447,4.8
T1448,4.9
T1449,5
T1450,5.4
T1451,5.9
T1452,6.4
T1453,7.4
T1454,7.4
T1455,6.7
T1456,6.5
T1457,6.2
T1458,5.2
T1459,4.4
T1460,4.1
T1461,4.2
T1462,4.1
T1463,3.8
T1464,4.1
T1465,4.1
T1466,3.4
T1467,3
T1468,2.7
T1469,2.4
T1470,2.5
T1471,2.5
T1472,2.5
T1473,3.2
T1474,3.4
T1475,3.5
T1476,3.9
T1477,4.4
T1478,4.2
T1479,4
T1480,4.2
T1481,4.5
T1482,4.5
T1483,4.5
T1484,4.5
T1485,4.5
T1486,4.6
T1487,4.6
T1488,4.3
T1489,3.9
T1490,4.1
T1491,3.7
T1492,3.3
T1493,3.2
T1494,3.6
T1495,4
T1496,3.8
T1497,3.9
T1498,4.2
T1499,4.6
T1500,5.8
T1501,6.5
T1502,6.7
T1503,6.9
T1504,6.9
T1505,6.4
T1506,5.7
T1507,4.3
T1508,3.7
T1509,3.8
T1510,3.4
T1511,3.6
T1512,3.4
T1513,2.9
T1514,2.2
T1515,2.2
T1516,2.5
T1517,2.7
T1518,1.9
T1519,2.4
T1520,2.7
T1521,3.5
T1522,3.6
T1523,4.4
T1524,5.1
T1525,5.5
T1526,5.7
T1527,5.6
T1528,5.4
T1529,4.9
T1530,4.3
T1531,4.1
T1532,3.6
T1533,3.6
T1534,3.2
T1535,2.8
T1536,2.9
T1537,3
T1538,3.1
T1539,3
T1540,3
T1541,3.2
T1542,3.6
T1543,3.9
T1544,4
T1545,4.1
T1546,4.4
T1547,4.9
T1548,5.5
T1549,6
T1550,6.3
T1551,6.6
T1552,6.2
T1553,5.8
T1554,5.3
T1555,4.9
T1556,4.6
T1557,4.5
T1558,4.5
T1559,4.3
T1560,4.4
T1561,4.4
T1562,4.4
T1563,4.3
T1564,4.3
T1565,4.3
T1566,4.1
T1567,4.1
T1568,4
T1569,4.1
T1570,4.2
T1571,4.8
T1572,5.5
T1573,6.1
T1574,6.7
T1575,6
T1576,6.1
T1577,6.2
T1578,6.6
T1579,5
T1580,3.6
T1581,2.3
T1582,1.6
T1583,0.9
T1584,1.2
T1585,1.6
T1586,3.2
T1587,3.8
T1588,4.2
T1589,4.5
T1590,4.8
T1591,4.9
T1592,4.9
T1593,5.1
T1594,5.3
T1595,5.8
T1596,6.2
T1597,6.5
T1598,6.7
T1599,6.8
T1600,6.5
T1601,6.7
T1602,7
T1603,7.1
T1604,7.3
T1605,7.1
T1606,7
T1607,6.8
T1608,5.7
T1609,5.6
T1610,5.5
T1611,5.3
T1612,5
T1613,5.2
T1614,5.4
T1615,5.7
T1616,6
T1617,6
T1618,6
T1619,6.1
T1620,7.1
T1621,8.2
T1622,9.1
T1623,8.7
T1624,8.6
T1625,8.3
T1626,7.6
T1627,7
T1628,7.1
T1629,6.4
T1630,5.2
T1631,5
T1632,4.9
T1633,3.4
T1634,2.9
T1635,4.5
T1636,4.9
T1637,4.9
T1638,5
T1639,5
T1640,5.1
T1641,5.2
T1642,5.5
T1643,5.6
T1644,5.4
T1645,5.5
T1646,5.6
T1647,5.4
T1648,5.7
T1649,6.5
T1650,6.8
T1651,7.2
T1652,7.8
T1653,7.8
T1654,7.7
T1655,7.6
T1656,7.7
T1657,7.8
T1658,7.6
T1659,7.5
T1660,7.5
T1661,7.3
T1662,6.7
T1663,6
T1664,5.8
T1665,6.6
T1666,7.5
T1667,7.9
T1668,8.2
T1669,8.7
T1670,9.6
T1671,10
T1672,9.8
T1673,9.3
T1674,8
T1675,6.7
T1676,6.4
T1677,5.9
T1678,6.5
T1679,6.5
T1680,6.2
T1681,5.8
T1682,6
T1683,6.4
T1684,6.7
T1685,6.8
T1686,7.1
T1687,8.1
T1688,7.9
T1689,7.6
T1690,7.9
T1691,7
T1692,6.8
T1693,6.8
T1694,7.3
T1695,7.5
T1696,6.5
T1697,6.9
T1698,6.3
T1699,5.6
T1700,5.3
T1701,5
T1702,5.1
T1703,4.9
T1704,5.1
T1705,4.6
T1706,4.3
T1707,4.5
T1708,4.9
T1709,5
T1710,5.2
T1711,5.2
T1712,4.7
T1713,5.2
T1714,5.6
T1715,5.8
T1716,5.2
T1717,5.8
T1718,6.5
T1719,7.6
T1720,6.3
T1721,5.2
T1722,3.6
T1723,2.7
T1724,2.4
T1725,2.5
T1726,2.6
T1727,2.2
T1728,1.7
T1729,0.7
T1730,0.6
T1731,0.8
T1732,0.2
T1733,-1.8
T1734,-3.8
T1735,-3
T1736,-0.5
T1737,2.3
T1738,2.9
T1739,3.7
T1740,4
T1741,4.2
T1742,4.6
T1743,4.6
T1744,4.6
T1745,4.1
T1746,3.6
T1747,3.3
T1748,3.2
T1749,3.3
T1750,3.5
T1751,3.5
T1752,3.7
T1753,3.7
T1754,4
T1755,3.9
T1756,4
T1757,4
T1758,4.1
T1759,4.2
T1760,4.8
T1761,5.2
T1762,5.5
T1763,5.7
T1764,6
T1765,6.3
T1766,6.8
T1767,7
T1768,7.3
T1769,7.2
T1770,7.5
T1771,7.3
T1772,7.6
T1773,7.5
T1774,7.2
T1775,7.3
T1776,7.6
T1777,7.9
T1778,7.7
T1779,7.5
T1780,7.1
T1781,7.1
T1782,7.1
T1783,7.2
T1784,7.4
T1785,7.5
T1786,8.9
T1787,10.1
T1788,9.3
T1789,9.1
T1790,9.1
T1791,8.9
T1792,8.7
T1793,8.6
T1794,8
T1795,7.3
T1796,6.3
T1797,5.4
T1798,4.9
T1799,4.3
T1800,4.8
T1801,5.3
T1802,4
T1803,2.2
T1804,4.1
T1805,4.9
T1806,5.1
T1807,5.2
T1808,5.6
T1809,6.2
T1810,7.1
T1811,7.8
T1812,8.4
T1813,9.7
T1814,10.1
T1815,9.6
T1816,9.3
T1817,8.9
T1818,8.5
T1819,8.2
T1820,7.9
T1821,7.4
T1822,7.3
T1823,7.3
T1824,7.4
T1825,7.4
T1826,7.1
T1827,7.2
T1828,7.5
T1829,8
T1830,8.4
T1831,8.1
T1832,7.9
T1833,8
T1834,8.3
T1835,8.4
T1836,8.6
T1837,8.9
T1838,8.6
T1839,8.6
T1840,8.8
T1841,8.7
T1842,8.8
T1843,8.5
T1844,8
T1845,7.6
T1846,7.3
T1847,7.1
T1848,7
T1849,6.9
T1850,6.7
T1851,6.5
T1852,6.2
T1853,5.8
T1854,5.5
T1855,5.4
T1856,5.5
T1857,6.2
T1858,7.1
T1859,7.8
T1860,8.4
T1861,9
T1862,9.3
T1863,9.4
T1864,9.4
T1865,9.1
T1866,8.1
T1867,7
T1868,5.4
T1869,4
T1870,3.9
T1871,3.4
T1872,3
T1873,2.4
T1874,2.6
T1875,3.4
T1876,3.9
T1877,3.7
T1878,3.4
T1879,4
T1880,4.6
T1881,4.9
T1882,5.8
T1883,6.7
T1884,7.2
T1885,7.5
T1886,8
T1887,8.5
T1888,8.3
T1889,7.6
T1890,5.9
T1891,5
T1892,4.8
T1893,4.3
T1894,3.5
T1895,3
T1896,2.5
T1897,2.1
T1898,1.6
T1899,1.4
T1900,1
T1901,1.3
T1902,1.4
T1903,1.1
T1904,2.2
T1905,3
T1906,4
T1907,4.6
T1908,5.3
T1909,5.9
T1910,6.5
T1911,6.8
T1912,6.8
T1913,6.5
T1914,5.9
T1915,4.9
T1916,4.6
T1917,3.9
T1918,3
T1919,2.4
T1920,2.1
T1921,1.7
T1922,1
T1923,0.5
T1924,0.6
T1925,0.5
T1926,0.2
T1927,0.2
T1928,0.8
T1929,1.5
T1930,2.3
T1931,3.3
T1932,4.5
T1933,4.4
T1934,4.8
T1935,5
T1936,4.8
T1937,4
T1938,3.8
T1939,2.8
T1940,2.6
T1941,2.5
T1942,2.2
T1943,2
T1944,1.8
T1945,1.4
T1946,1.6
T1947,1.8
T1948,1.8
T1949,1.8
T1950,1.6
T1951,1.4
T1952,2.3
T1953,3.1
T1954,3.5
T1955,3.7
T1956,3.8
T1957,3.7
T1958,3.8
T1959,3.6
T1960,3.4
T1961,3.1
T1962,2.6
T1963,1.8
T1964,1.4
T1965,1.3
T1966,1.5
T1967,1.9
T1968,2.2
T1969,2.4
T1970,2.6
T1971,2.6
T1972,2.4
T1973,2
T1974,2.2
T1975,2
T1976,3.6
T1977,4.5
T1978,5.1
T1979,5.5
T1980,5.8
T1981,5.7
T1982,5.7
T1983,5.3
T1984,4.9
T1985,5
T1986,4.6
T1987,4.1
T1988,3.7
T1989,4.2
T1990,4.5
T1991,4.6
T1992,4.6
T1993,4.6
T1994,4.4
T1995,4.2
T1996,3.9
T1997,3.5
T1998,3.4
T1999,3.3
T2000,4.4
T2001,5.3
T2002,5.7
T2003,6
T2004,6.3
T2005,6.2
T2006,6
T2007,6
T2008,5.8
T2009,5.5
T2010,5
T2011,3.9
T2012,3.5
T2013,3.4
T2014,3.6
T2015,3.4
T2016,3.2
T2017,3.2
T2018,2.7
T2019,2.6
T2020,3.1
T2021,2.7
T2022,2.6
T2023,3
T2024,4.2
T2025,5.3
T2026,6.1
T2027,6.9
T2028,7.1
T2029,7.4
T2030,7.7
T2031,7.8
T2032,7.5
T2033,7.1
T2034,6.7
T2035,5.8
T2036,4.8
T2037,4.3
T2038,3.4
T2039,2.3
T2040,1.7
T2041,1.9
T2042,1.4
T2043,1.5
T2044,1.6
T2045,0.8
T2046,1.1
T2047,1.6
T2048,3.3
T2049,4.4
T2050,5.5
T2051,7
T2052,8.3
T2053,9.2
T2054,9.9
T2055,10.5
T2056,10.7
T2057,10.6
T2058,10
T2059,8.3
T2060,7.7
T2061,7
T2062,6.1
T2063,5.7
T2064,5.2
T2065,4.3
T2066,3.9
T2067,3.5
T2068,3
T2069,2.6
T2070,2.1
T2071,2.7
T2072,4.4
T2073,6.7
T2074,7.5
T2075,7.8
T2076,8.4
T2077,8.5
T2078,8.7
T2079,8.7
T2080,8
T2081,6.8
T2082,6.4
T2083,5.7
T2084,6
T2085,6.3
T2086,6.9
T2087,6.9
T2088,6.6
T2089,6.4
T2090,4.3
T2091,1.8
T2092,1.8
T2093,1.8
T2094,1.5
T2095,1.8
T2096,1.5
T2097,1.6
T2098,2.2
T2099,3
T2100,3.7
T2101,3.8
T2102,4.3
T2103,4.6
T2104,4.5
T2105,4.1
T2106,3.6
T2107,2.9
T2108,2.2
T2109,1.7
T2110,0.5
T2111,-1.3
T2112,-1.3
T2113,-0.1
T2114,0.7
T2115,1.6
T2116,1.8
T2117,1.9
T2118,1.8
T2119,1.5
T2120,3
T2121,5
T2122,5.9
T2123,5.6
T2124,6.1
T2125,6.4
T2126,6.3
T2127,6.4
T2128,6.3
T2129,6.4
T2130,5.9
T2131,5.1
T2132,4.6
T2133,3.9
T2134,2.4
T2135,1.3
T2136,1.2
T2137,-0.4
T2138,-0.8
T2139,0.1
T2140,-0.5
T2141,-1.6
T2142,-1.7
T2143,-0.9
T2144,1.3
T2145,3.2
T2146,4.5
T2147,5.2
T2148,6
T2149,6.6
T2150,7.2
T2151,7.5
T2152,7.7
T2153,7.3
T2154,7.1
T2155,6.6
T2156,6.1
T2157,5.8
T2158,5.5
T2159,5.2
T2160,4.5
T2161,4.3
T2162,4.4
T2163,4.5
T2164,4.6
T2165,4.6
T2166,4.7
T2167,4.8
T2168,5.2
T2169,5.8
T2170,6.4
T2171,7
T2172,7.9
T2173,8.2
T2174,8.9
T2175,8.8
T2176,8.2
T2177,8
T2178,7.8
T2179,7.4
T2180,6.9
T2181,6.2
T2182,5.8
T2183,5.5
T2184,5.3
T2185,5.8
T2186,5.9
T2187,5.9
T2188,5.7
T2189,5.6
T2190,5.2
T2191,5.4
T2192,5.8
T2193,6.6
T2194,7.2
T2195,7.9
T2196,8.3
T2197,8.3
T2198,8.9
T2199,8.9
T2200,8.9
T2201,8.5
T2202,8.1
T2203,7
T2204,6.2
T2205,5.6
T2206,4.7
T2207,4.2
T2208,4.1
T2209,4.3
T2210,4.3
T2211,4.1
T2212,4.1
T2213,3.7
T2214,3.3
T2215,3.5
T2216,4.5
T2217,5.2
T2218,6
T2219,6.4
T2220,6.9
T2221,7.6
T2222,7.7
T2223,7.5
T2224,7.3
T2225,7.3
T2226,6.5
T2227,6
T2228,5.2
T2229,4.3
T2230,3.8
T2231,3.7
T2232,2.7
T2233,1.6
T2234,1.8
T2235,1.8
T2236,1.3
T2237,0.9
T2238,0.9
T2239,1.7
T2240,3.6
T2241,5
T2242,6.4
T2243,7.7
T2244,8.5
T2245,8.8
T2246,8.8
T2247,9.4
T2248,9.4
T2249,8.6
T2250,7.7
T2251,7.2
T2252,5.5
T2253,5.1
T2254,4.9
T2255,5.1
T2256,3.9
T2257,3.8
T2258,3.5
T2259,3.3
T2260,2.9
T2261,2.7
T2262,2.6
T2263,3.6
T2264,7.5
T2265,8.5
T2266,9.1
T2267,10
T2268,10.1
T2269,10.4
T2270,11.1
T2271,11.7
T2272,11.6
T2273,11
T2274,10.3
T2275,9.3
T2276,8.4
T2277,7.8
T2278,7.7
T2279,7.2
T2280,6.7
T2281,6.8
T2282,6.9
T2283,7.3
T2284,7.4
T2285,6.8
T2286,6.7
T2287,7
T2288,7.9
T2289,8.6
T2290,9.1
T2291,9.9
T2292,10.7
T2293,11.1
T2294,11.2
T2295,11.9
T2296,12.3
T2297,12.7
T2298,12.2
T2299,11.1
T2300,9.6
T2301,9.6
T2302,9.7
T2303,8.2
T2304,7.3
T2305,6.6
T2306,6
T2307,6.3
T2308,7.3
T2309,9
T2310,9.5
T2311,9.3
T2312,10
T2313,11.5
T2314,12.8
T2315,13.6
T2316,14
T2317,14.1
T2318,14.7
T2319,14.8
T2320,14.8
T2321,14.5
T2322,13.6
T2323,10.7
T2324,8.9
T2325,7.7
T2326,7.6
T2327,7.3
T2328,5.9
T2329,4.5
T2330,4.7
T2331,4.6
T2332,4.3
T2333,3.6
T2334,5.4
T2335,7.4
T2336,8.8
T2337,10
T2338,10.2
T2339,10.6
T2340,10.9
T2341,11.8
T2342,12.1
T2343,12.5
T2344,12
T2345,11.5
T2346,10.7
T2347,9.5
T2348,8.5
T2349,7.7
T2350,6.4
T2351,5.9
T2352,6.4
T2353,7.9
T2354,8.5
T2355,7
T2356,6.8
T2357,6.7
T2358,7.4
T2359,7.8
T2360,8.3
T2361,9
T2362,9.6
T2363,10.4
T2364,10.9
T2365,11
T2366,11.3
T2367,11.6
T2368,11.6
T2369,11.4
T2370,10.3
T2371,8.9
T2372,7.7
T2373,6.7
T2374,5.5
T2375,4.7
T2376,3.4
T2377,3.4
T2378,3.8
T2379,3.5
T2380,2.9
T2381,1.6
T2382,1.9
T2383,2.3
T2384,4.9
T2385,6.6
T2386,7.7
T2387,8.4
T2388,9.1
T2389,9.8
T2390,10.5
T2391,10.5
T2392,10.1
T2393,8.9
T2394,8.3
T2395,7.9
T2396,7.6
T2397,6.7
T2398,5.8
T2399,5.2
T2400,4.9
T2401,4.4
T2402,3.6
T2403,2.4
T2404,1.7
T2405,1.2
T2406,1.1
T2407,2.8
T2408,6.2
T2409,8.3
T2410,8.9
T2411,9.6
T2412,9.9
T2413,9.5
T2414,9.2
T2415,8.8
T2416,8.6
T2417,8.4
T2418,8.1
T2419,7.9
T2420,7.7
T2421,7.4
T2422,7.1
T2423,7.4
T2424,7.4
T2425,7.8
T2426,7.8
T2427,8
T2428,8.3
T2429,8.4
T2430,8.4
T2431,8.7
T2432,9.6
T2433,10.8
T2434,11.8
T2435,13.6
T2436,15.1
T2437,16.6
T2438,17.4
T2439,18.3
T2440,17.6
T2441,16.6
T2442,15.5
T2443,14.3
T2444,12.7
T2445,11.2
T2446,9.9
T2447,8.9
T2448,8.3
T2449,7.1
T2450,5.8
T2451,5.3
T2452,4.9
T2453,4.5
T2454,4.4
T2455,5.3
T2456,6.1
T2457,6.9
T2458,6.7
T2459,7.3
T2460,6.9
T2461,7.7
T2462,7.9
T2463,7.7
T2464,7.3
T2465,5.6
T2466,5.4
T2467,5.7
T2468,5.4
T2469,4.8
T2470,4.3
T2471,4.1
T2472,3.9
T2473,2.3
T2474,2.1
T2475,0.4
T2476,1.7
T2477,1.1
T2478,3
T2479,3.8
T2480,5
T2481,5.3
T2482,5.7
T2483,6.7
T2484,7.4
T2485,7.9
T2486,8.4
T2487,8.6
T2488,8.8
T2489,9.1
T2490,8.8
T2491,8.3
T2492,7.4
T2493,7.4
T2494,7.2
T2495,6.8
T2496,6.8
T2497,6.8
T2498,6.7
T2499,6.5
T2500,6.6
T2501,6.8
T2502,6.9
T2503,7
T2504,7.3
T2505,8
T2506,8.9
T2507,10.1
T2508,11.6
T2509,12.5
T2510,13.4
T2511,14.4
T2512,14.8
T2513,14.5
T2514,14
T2515,12.5
T2516,11.2
T2517,9.9
T2518,8.7
T2519,7.7
T2520,6.9
T2521,6.7
T2522,6.9
T2523,7.2
T2524,7.7
T2525,8.2
T2526,8.2
T2527,8.7
T2528,9.4
T2529,10.2
T2530,10.7
T2531,11.2
T2532,11.5
T2533,12
T2534,12.1
T2535,12.3
T2536,12.3
T2537,12
T2538,10.4
T2539,9.2
T2540,8.5
T2541,8.1
T2542,7.1
T2543,5.8
T2544,5
T2545,5
T2546,5.2
T2547,4.7
T2548,4.4
T2549,3.8
T2550,3.4
T2551,5.9
T2552,6.8
T2553,7.4
T2554,7.8
T2555,9.2
T2556,9.8
T2557,10.5
T2558,10.8
T2559,11
T2560,10.9
T2561,10.4
T2562,9.7
T2563,8.6
T2564,7.7
T2565,6.5
T2566,5.4
T2567,4.9
T2568,4.5
T2569,4.8
T2570,4.3
T2571,3.6
T2572,3.7
T2573,3.6
T2574,3.9
T2575,5.6
T2576,6.9
T2577,7.9
T2578,9.5
T2579,10.7
T2580,11
T2581,11.2
T2582,10.6
T2583,10.8
T2584,10.1
T2585,9.5
T2586,9.3
T2587,8.8
T2588,8
T2589,7.2
T2590,6.7
T2591,6.9
T2592,6
T2593,5.6
T2594,4.9
T2595,5.1
T2596,4.4
T2597,4.4
T2598,4.9
T2599,6.1
T2600,7.4
T2601,8.8
T2602,8.8
T2603,9.8
T2604,10.9
T2605,11.4
T2606,11.6
T2607,11.7
T2608,12.3
T2609,12.4
T2610,10.7
T2611,9.2
T2612,8.8
T2613,8.3
T2614,7.9
T2615,5.7
T2616,4.7
T2617,3.9
T2618,3.5
T2619,3
T2620,3.7
T2621,3.9
T2622,4.8
T2623,6.5
T2624,8.3
T2625,10
T2626,9.6
T2627,10.8
T2628,12.3
T2629,13.1
T2630,13.4
T2631,12.6
T2632,11.9
T2633,12.1
T2634,11.3
T2635,10.3
T2636,9.1
T2637,9.2
T2638,9
T2639,8.9
T2640,8.2
T2641,7.3
T2642,7.1
T2643,6.5
T2644,5.6
T2645,5.3
T2646,5.5
T2647,7.5
T2648,8.6
T2649,9.2
T2650,10.3
T2651,12.5
T2652,13.6
T2653,14.5
T2654,15
T2655,14.1
T2656,13.7
T2657,13.2
T2658,11.5
T2659,10.5
T2660,10.3
T2661,9.6
T2662,8.8
T2663,7.3
T2664,6.4
T2665,5.8
T2666,6
T2667,5.6
T2668,4.6
T2669,4.7
T2670,5.9
T2671,7.8
T2672,8.7
T2673,10.2
T2674,11.8
T2675,13.2
T2676,14.6
T2677,14.3
T2678,14.2
T2679,14.5
T2680,14.6
T2681,13.7
T2682,12.7
T2683,11.7
T2684,10.5
T2685,10
T2686,8.4
T2687,7.1
T2688,6.3
T2689,6.1
T2690,5.4
T2691,6.4
T2692,6
T2693,6.5
T2694,5.6
T2695,9.2
T2696,12.4
T2697,14.5
T2698,16.1
T2699,16.9
T2700,17.7
T2701,18.9
T2702,19.2
T2703,19.1
T2704,18.5
T2705,17.3
T2706,15.8
T2707,14.8
T2708,13.3
T2709,11.3
T2710,10.3
T2711,10
T2712,9.8
T2713,9.1
T2714,7.7
T2715,7.6
T2716,7.8
T2717,7.4
T2718,7.6
T2719,9.4
T2720,10.8
T2721,11.8
T2722,12.7
T2723,13.6
T2724,13.5
T2725,13.6
T2726,14.3
T2727,13.1
T2728,12.2
T2729,14.6
T2730,14.4
T2731,13.5
T2732,11.6
T2733,10.8
T2734,9.9
T2735,9.3
T2736,7.8
T2737,8
T2738,7.9
T2739,7.9
T2740,7.9
T2741,7.5
T2742,7.4
T2743,8.6
T2744,9.9
T2745,10.9
T2746,11.7
T2747,12.1
T2748,12.5
T2749,12.5
T2750,12.6
T2751,12.1
T2752,12.4
T2753,12.2
T2754,11.9
T2755,11.3
T2756,10.1
T2757,9
T2758,7.8
T2759,7.1
T2760,6.7
T2761,5.4
T2762,3.1
T2763,3.8
T2764,4.3
T2765,4.5
T2766,5.4
T2767,7.5
T2768,9.1
T2769,10.2
T2770,10.5
T2771,11
T2772,11.5
T2773,11.7
T2774,11.5
T2775,11.1
T2776,10.8
T2777,10.7
T2778,10
T2779,10
T2780,9.6
T2781,9.3
T2782,8.7
T2783,7.1
T2784,6.2
T2785,5.2
T2786,4.5
T2787,4.7
T2788,4.7
T2789,5
T2790,5.2
T2791,7.1
T2792,8.8
T2793,9.3
T2794,9.7
T2795,10
T2796,10.3
T2797,10.4
T2798,10.2
T2799,10.6
T2800,11.1
T2801,10.8
T2802,10.5
T2803,9.9
T2804,9.7
T2805,10.1
T2806,10
T2807,10.1
T2808,9.7
T2809,9.7
T2810,9.5
T2811,9
T2812,8.9
T2813,8.7
T2814,8.4
T2815,8.3
T2816,9.3
T2817,10.2
T2818,10
T2819,10.2
T2820,10.2
T2821,10.9
T2822,12
T2823,12
T2824,12.4
T2825,10.7
T2826,10.3
T2827,10
T2828,9.7
T2829,9.6
T2830,9.3
T2831,9.2
T2832,8.5
T2833,8.4
T2834,7.8
T2835,7.7
T2836,7.4
T2837,7
T2838,6.6
T2839,6.4
T2840,6.7
T2841,7.1
T2842,7
T2843,7.3
T2844,7.4
T2845,7.5
T2846,7.3
T2847,7
T2848,6.5
T2849,6.4
T2850,6.1
T2851,5.5
T2852,4.7
T2853,4.5
T2854,4.8
T2855,4.9
T2856,5.4
T2857,5.6
T2858,5.6
T2859,5.6
T2860,5.4
T2861,5.2
T2862,5.5
T2863,5.8
T2864,6.3
T2865,6.6
T2866,7.1
T2867,7.5
T2868,7.6
T2869,7.8
T2870,8.1
T2871,8.1
T2872,8.5
T2873,9.2
T2874,9.7
T2875,10.1
T2876,9.1
T2877,8.2
T2878,7.1
T2879,6.1
T2880,5.4
T2881,5.8
T2882,7.6
T2883,7
T2884,7.6
T2885,6.6
T2886,6.8
T2887,7.5
T2888,7.8
T2889,8
T2890,8.8
T2891,9.7
T2892,9.8
T2893,10.7
T2894,10.2
T2895,10
T2896,11
T2897,11
T2898,10.5
T2899,9.9
T2900,9.2
T2901,9
T2902,8.8
T2903,8.9
T2904,8.7
T2905,8
T2906,8
T2907,8.2
T2908,8.3
T2909,6.8
T2910,7.3
T2911,8.9
T2912,9.8
T2913,10.1
T2914,10.9
T2915,9.4
T2916,7.8
T2917,9
T2918,11
T2919,11.1
T2920,10.8
T2921,10.6
T2922,10.6
T2923,11.1
T2924,10.2
T2925,9.2
T2926,8.9
T2927,8.9
T2928,8.6
T2929,8.2
T2930,7.8
T2931,7.6
T2932,6.9
T2933,6.1
T2934,7.7
T2935,8.2
T2936,9.1
T2937,10.1
T2938,11.1
T2939,12.9
T2940,13.5
T2941,13.5
T2942,13.2
T2943,13.3
T2944,13.4
T2945,13.2
T2946,13.5
T2947,12.7
T2948,11.7
T2949,9.9
T2950,9.1
T2951,7.7
T2952,6.4
T2953,6.7
T2954,5.8
T2955,5.1
T2956,4.8
T2957,4.5
T2958,5.7
T2959,7.1
T2960,8.1
T2961,9.5
T2962,10.5
T2963,11
T2964,11.4
T2965,11.8
T2966,12.3
T2967,12.2
T2968,12.3
T2969,12.1
T2970,10.9
T2971,9.3
T2972,8.8
T2973,7.8
T2974,7.2
T2975,6.9
T2976,6.4
T2977,6
T2978,5.8
T2979,5.8
T2980,5.5
T2981,5.8
T2982,6.3
T2983,7.1
T2984,7.7
T2985,8.1
T2986,8.7
T2987,9.1
T2988,9.7
T2989,10.1
T2990,10.3
T2991,10.8
T2992,11.1
T2993,11.7
T2994,11.8
T2995,11.2
T2996,10.2
T2997,9.4
T2998,8.7
T2999,8.4
T3000,8
T3001,7.7
T3002,7.4
T3003,6.8
T3004,6
T3005,5.8
T3006,6.8
T3007,8
T3008,9.4
T3009,10
T3010,10.5
T3011,11.1
T3012,11.3
T3013,12
T3014,12.7
T3015,13.5
T3016,13.5
T3017,13.3
T3018,12.6
T3019,11.8
T3020,11.3
T3021,10.4
T3022,9.8
T3023,9.2
T3024,8.7
T3025,8.4
T3026,8.1
T3027,7.8
T3028,7.7
T3029,7.5
T3030,8.2
T3031,9.3
T3032,10.3
T3033,11.5
T3034,12.7
T3035,13.8
T3036,14.4
T3037,14.7
T3038,15
T3039,14.9
T3040,15
T3041,15
T3042,15
T3043,14.6
T3044,13.4
T3045,10.9
T3046,10.3
T3047,10.3
T3048,9.9
T3049,9.4
T3050,8.9
T3051,7.7
T3052,6.8
T3053,5.4
T3054,6.7
T3055,8.1
T3056,9.2
T3057,10.4
T3058,11.2
T3059,12.4
T3060,14.3
T3061,15.2
T3062,16.6
T3063,16.8
T3064,16.8
T3065,17.4
T3066,17.1
T3067,16.9
T3068,15.6
T3069,14.3
T3070,12.3
T3071,11
T3072,9.6
T3073,7.2
T3074,7
T3075,7.1
T3076,7.2
T3077,7.7
T3078,9.2
T3079,10.1
T3080,10.9
T3081,11.9
T3082,12.8
T3083,13.9
T3084,15.5
T3085,16.4
T3086,16.6
T3087,15.3
T3088,15.1
T3089,14.8
T3090,14.6
T3091,14
T3092,13.1
T3093,12.2
T3094,11.5
T3095,11.2
T3096,11
T3097,11.2
T3098,11.5
T3099,11.3
T3100,11.3
T3101,11.3
T3102,11.5
T3103,12.2
T3104,12.4
T3105,12.3
T3106,13.9
T3107,14.3
T3108,16.6
T3109,17.3
T3110,17.1
T3111,16.9
T3112,16.8
T3113,14.7
T3114,13.1
T3115,11
T3116,9.7
T3117,9
T3118,8.3
T3119,8.2
T3120,8.3
T3121,8.5
T3122,8.3
T3123,8
T3124,7.8
T3125,6.8
T3126,5.9
T3127,5.5
T3128,5.8
T3129,6.4
T3130,7.1
T3131,8
T3132,8.6
T3133,9
T3134,9
T3135,9.1
T3136,8.9
T3137,8.8
T3138,8.5
T3139,8
T3140,7.1
T3141,6.3
T3142,5.6
T3143,5.1
T3144,4
T3145,2.7
T3146,0.7
T3147,1.6
T3148,2.8
T3149,3.2
T3150,4.8
T3151,6.2
T3152,7.5
T3153,8.3
T3154,9.1
T3155,9.1
T3156,9.4
T3157,11
T3158,11.1
T3159,8.7
T3160,7
T3161,8.1
T3162,8.8
T3163,8.1
T3164,7.4
T3165,6.5
T3166,5.9
T3167,4.6
T3168,3.5
T3169,3.2
T3170,3.6
T3171,4
T3172,4.2
T3173,4.4
T3174,4.5
T3175,5.5
T3176,6.2
T3177,7.6
T3178,8.4
T3179,8.5
T3180,9
T3181,9.8
T3182,9.5
T3183,9.6
T3184,9.8
T3185,9.5
T3186,9.2
T3187,9
T3188,8.2
T3189,6.8
T3190,5.9
T3191,5
T3192,4.3
T3193,1.7
T3194,1.6
T3195,1.6
T3196,2.7
T3197,3.5
T3198,4.5
T3199,6.3
T3200,7.7
T3201,7.8
T3202,9.1
T3203,9.3
T3204,10.1
T3205,10.4
T3206,11.2
T3207,11.5
T3208,12
T3209,12.1
T3210,11.3
T3211,10.9
T3212,10.1
T3213,8.9
T3214,7.8
T3215,7.5
T3216,6.7
T3217,6.1
T3218,5.9
T3219,5.8
T3220,6.6
T3221,6.9
T3222,7.4
T3223,8.3
T3224,9.5
T3225,10
T3226,10.3
T3227,9.6
T3228,11
T3229,11.9
T3230,11.8
T3231,10.2
T3232,11
T3233,11.9
T3234,11.9
T3235,11.9
T3236,11.1
T3237,10.8
T3238,10.3
T3239,9.8
T3240,9.2
T3241,7.9
T3242,7.5
T3243,7.9
T3244,8.1
T3245,8.2
T3246,8
T3247,8.9
T3248,9.3
T3249,10.7
T3250,11.4
T3251,11.8
T3252,12.1
T3253,12.3
T3254,11.2
T3255,12.2
T3256,12.2
T3257,12.7
T3258,12.5
T3259,11.7
T3260,11
T3261,10.3
T3262,9.9
T3263,9.2
T3264,9.2
T3265,9.1
T3266,8.5
T3267,7.4
T3268,7.2
T3269,6.7
T3270,7.7
T3271,8.4
T3272,9.2
T3273,10.6
T3274,11
T3275,12
T3276,13
T3277,14.5
T3278,14.5
T3279,14.7
T3280,14.6
T3281,12.2
T3282,11.8
T3283,12
T3284,11.2
T3285,10.3
T3286,9.8
T3287,9.8
T3288,9.7
T3289,9.7
T3290,9.8
T3291,9.6
T3292,9.4
T3293,9.5
T3294,9.8
T3295,10.4
T3296,10.7
T3297,10.8
T3298,11.3
T3299,11.4
T3300,11
T3301,10.4
T3302,11.2
T3303,11.6
T3304,11
T3305,11.8
T3306,11.9
T3307,12
T3308,11.9
T3309,11.9
T3310,11.8
T3311,11.6
T3312,11.4
T3313,11.3
T3314,11.3
T3315,11.2
T3316,11.1
T3317,11.1
T3318,11.3
T3319,11.3
T3320,11.6
T3321,11.9
T3322,12
T3323,12.8
T3324,14
T3325,14
T3326,14.2
T3327,14.4
T3328,14.4
T3329,14.1
T3330,13.2
T3331,13
T3332,12.3
T3333,11
T3334,9.8
T3335,8
T3336,7.1
T3337,6.5
T3338,5.8
T3339,7.5
T3340,7.7
T3341,7.3
T3342,9.3
T3343,10.2
T3344,10.5
T3345,11.3
T3346,11.8
T3347,12.4
T3348,13
T3349,13.5
T3350,14.6
T3351,15.4
T3352,15.7
T3353,15.6
T3354,14.8
T3355,13.1
T3356,11.7
T3357,11.8
T3358,10.9
T3359,10.5
T3360,9.8
T3361,9
T3362,8.4
T3363,8.5
T3364,9.1
T3365,9.4
T3366,10.3
T3367,10.8
T3368,11.2
T3369,12.2
T3370,13.2
T3371,13.9
T3372,14.6
T3373,14.5
T3374,14.5
T3375,14.7
T3376,14.3
T3377,13.4
T3378,13.1
T3379,12.7
T3380,12.4
T3381,12.4
T3382,12.1
T3383,11.9
T3384,11.7
T3385,11.6
T3386,11.8
T3387,11.9
T3388,11.6
T3389,11.9
T3390,12.7
T3391,13.4
T3392,14.5
T3393,15.3
T3394,15.7
T3395,15.9
T3396,15.9
T3397,15.6
T3398,15.9
T3399,15.2
T3400,14.7
T3401,14.4
T3402,14
T3403,13.8
T3404,13.2
T3405,12.5
T3406,12.1
T3407,12.3
T3408,12
T3409,11
T3410,10.2
T3411,10.3
T3412,10.4
T3413,10.5
T3414,10.8
T3415,11.7
T3416,12.8
T3417,13.1
T3418,13.6
T3419,13.9
T3420,14.8
T3421,14.4
T3422,14.7
T3423,15.2
T3424,16.6
T3425,16.3
T3426,16.2
T3427,15.4
T3428,14
T3429,12.6
T3430,11.3
T3431,10.3
T3432,8.9
T3433,9.2
T3434,10.6
T3435,10.8
T3436,10.6
T3437,10.9
T3438,11.3
T3439,11.4
T3440,11.6
T3441,12.3
T3442,12.9
T3443,12.4
T3444,13.3
T3445,13.9
T3446,13.5
T3447,13.9
T3448,13.5
T3449,13.3
T3450,11.7
T3451,11.8
T3452,11.4
T3453,11
T3454,11.1
T3455,10.6
T3456,9.9
T3457,10
T3458,9.9
T3459,9.9
T3460,10.1
T3461,10.2
T3462,10.4
T3463,10.7
T3464,11.4
T3465,12.4
T3466,13.4
T3467,14.2
T3468,14.8
T3469,14.9
T3470,15.6
T3471,16.2
T3472,16.4
T3473,16.4
T3474,16
T3475,15.9
T3476,15.7
T3477,15
T3478,13.9
T3479,13.1
T3480,12.3
T3481,10.6
T3482,9.4
T3483,9.7
T3484,9.4
T3485,9.4
T3486,11.3
T3487,13.3
T3488,14.4
T3489,14.2
T3490,15.6
T3491,15.6
T3492,16
T3493,16.2
T3494,16.5
T3495,16.2
T3496,16.3
T3497,16.2
T3498,15.3
T3499,14.1
T3500,13.2
T3501,12.5
T3502,12
T3503,11.2
T3504,10.8
T3505,10.4
T3506,10.2
T3507,9.4
T3508,8.3
T3509,9.3
T3510,11.6
T3511,13.3
T3512,15.3
T3513,16.2
T3514,16.2
T3515,16.2
T3516,15.8
T3517,16.2
T3518,16.8
T3519,16.5
T3520,15.5
T3521,14.7
T3522,14.7
T3523,13.8
T3524,13.4
T3525,13
T3526,12.6
T3527,11.8
T3528,11.2
T3529,10.9
T3530,10.2
T3531,9.7
T3532,9.5
T3533,9.9
T3534,11.3
T3535,13.1
T3536,14.3
T3537,15.1
T3538,15.7
T3539,16.4
T3540,16.9
T3541,17.2
T3542,17
T3543,16.8
T3544,16.1
T3545,15.8
T3546,15.4
T3547,15.4
T3548,14.5
T3549,12.9
T3550,12.3
T3551,11.2
T3552,10.1
T3553,8.9
T3554,8.5
T3555,8.2
T3556,7.3
T3557,7.3
T3558,10
T3559,13.8
T3560,14.9
T3561,15.1
T3562,15.3
T3563,16.1
T3564,16.5
T3565,17
T3566,17.3
T3567,17.1
T3568,16.4
T3569,15.8
T3570,15.3
T3571,15.6
T3572,15.2
T3573,14.2
T3574,13.4
T3575,12.9
T3576,12.4
T3577,12
T3578,11
T3579,9.6
T3580,9.5
T3581,10
T3582,12.4
T3583,13.3
T3584,13.6
T3585,14.1
T3586,15.2
T3587,16.5
T3588,17.7
T3589,17.9
T3590,16.3
T3591,16.3
T3592,16.1
T3593,14.8
T3594,14.1
T3595,14
T3596,13.6
T3597,12.4
T3598,12.1
T3599,11.8
T3600,11.9
T3601,11.7
T3602,12.8
T3603,12.7
T3604,12.8
T3605,12.8
T3606,13.1
T3607,13.3
T3608,14.1
T3609,15.4
T3610,16.7
T3611,18.6
T3612,19.6
T3613,19.9
T3614,20.5
T3615,20.8
T3616,21.1
T3617,20.9
T3618,19.9
T3619,17.1
T3620,15
T3621,13.6
T3622,13
T3623,12.7
T3624,12.3
T3625,12
T3626,11.9
T3627,11.6
T3628,12.8
T3629,13.1
T3630,13.9
T3631,14.5
T3632,15.4
T3633,16.4
T3634,18.1
T3635,19.4
T3636,20.1
T3637,21
T3638,21.6
T3639,21.8
T3640,22.1
T3641,21.5
T3642,20.9
T3643,20.6
T3644,19.5
T3645,19
T3646,17.9
T3647,16.8
T3648,15.3
T3649,14.3
T3650,14.5
T3651,12.9
T3652,12
T3653,13.3
T3654,15.9
T3655,18.1
T3656,20.4
T3657,21.8
T3658,22.8
T3659,23.8
T3660,23.4
T3661,23.6
T3662,23.5
T3663,24
T3664,24
T3665,22.4
T3666,21.3
T3667,21.9
T3668,20.7
T3669,19.4
T3670,18.6
T3671,14.3
T3672,13.2
T3673,12.8
T3674,12.6
T3675,12.3
T3676,12.1
T3677,12.2
T3678,13
T3679,13.4
T3680,14.1
T3681,14.8
T3682,15.3
T3683,15.4
T3684,15.7
T3685,15.8
T3686,16
T3687,16.1
T3688,16
T3689,16.1
T3690,15.7
T3691,16.3
T3692,15.4
T3693,14.4
T3694,13.5
T3695,12.8
T3696,12.1
T3697,11.7
T3698,11.3
T3699,10.9
T3700,11
T3701,11.1
T3702,11.8
T3703,13.1
T3704,15
T3705,16.2
T3706,16.9
T3707,17.5
T3708,17.8
T3709,18.3
T3710,18.4
T3711,18.5
T3712,17.5
T3713,16.9
T3714,16.3
T3715,15.4
T3716,14.7
T3717,14.6
T3718,14.6
T3719,14.2
T3720,13.9
T3721,13.8
T3722,13
T3723,13.3
T3724,12.7
T3725,12.4
T3726,11.8
T3727,12
T3728,12.3
T3729,13.1
T3730,13.2
T3731,13.7
T3732,14
T3733,15.1
T3734,15.3
T3735,15.9
T3736,15.6
T3737,15.2
T3738,14.4
T3739,13.9
T3740,13.6
T3741,13.2
T3742,12.6
T3743,12.3
T3744,12.3
T3745,12.5
T3746,10.7
T3747,10
T3748,9.4
T3749,9.4
T3750,9.4
T3751,9.6
T3752,10.8
T3753,11.9
T3754,12.4
T3755,11.6
T3756,12.9
T3757,13.6
T3758,14.6
T3759,13.7
T3760,13.5
T3761,15.1
T3762,15.3
T3763,14.5
T3764,14
T3765,11.5
T3766,10.7
T3767,10.7
T3768,10.5
T3769,10.5
T3770,9.7
T3771,9.3
T3772,10.6
T3773,12.6
T3774,13
T3775,13.5
T3776,14.2
T3777,14.4
T3778,14
T3779,14.9
T3780,15.1
T3781,15.8
T3782,15.5
T3783,15.6
T3784,16.6
T3785,16.4
T3786,16.7
T3787,16.3
T3788,15.6
T3789,13.9
T3790,12.3
T3791,11.6
T3792,11.3
T3793,10.4
T3794,9.8
T3795,9.5
T3796,9.4
T3797,10.5
T3798,12.1
T3799,12.7
T3800,14
T3801,15
T3802,15.7
T3803,16.4
T3804,17.4
T3805,17.5
T3806,17.7
T3807,17.1
T3808,16.8
T3809,16.9
T3810,16.9
T3811,16
T3812,15.4
T3813,14.9
T3814,13.8
T3815,13.6
T3816,13.6
T3817,13.2
T3818,11.8
T3819,9.9
T3820,9.4
T3821,10.4
T3822,13
T3823,14.5
T3824,15
T3825,15.6
T3826,15.9
T3827,16.4
T3828,16.2
T3829,16.8
T3830,16.9
T3831,17.3
T3832,16.7
T3833,16.4
T3834,16.6
T3835,15.7
T3836,15.1
T3837,14.5
T3838,13.8
T3839,13.6
T3840,13.3
T3841,13.2
T3842,12.9
T3843,12.7
T3844,12.8
T3845,12.8
T3846,13.5
T3847,14.6
T3848,15
T3849,15.9
T3850,17.4
T3851,17.8
T3852,18.7
T3853,19.4
T3854,19.2
T3855,19.7
T3856,19.2
T3857,19
T3858,17.9
T3859,17.5
T3860,17.4
T3861,17.2
T3862,17
T3863,16.9
T3864,16.8
T3865,17
T3866,16.9
T3867,16.4
T3868,16
T3869,15.5
T3870,15.5
T3871,15.5
T3872,15.6
T3873,16.4
T3874,17.6
T3875,19.5
T3876,22.2
T3877,22.3
T3878,22.1
T3879,21.6
T3880,20.5
T3881,20.3
T3882,18.2
T3883,16.6
T3884,17.7
T3885,17.7
T3886,17.8
T3887,17.7
T3888,17.7
T3889,17.4
T3890,17
T3891,16.7
T3892,16.4
T3893,16.4
T3894,16.6
T3895,16.7
T3896,17
T3897,17.3
T3898,17.8
T3899,18.6
T3900,19.4
T3901,18.2
T3902,18.7
T3903,18.2
T3904,18.8
T3905,18.9
T3906,18.8
T3907,18.4
T3908,17.6
T3909,17.1
T3910,17.1
T3911,17.4
T3912,17.5
T3913,17.4
T3914,17.1
T3915,16.6
T3916,16.5
T3917,16.5
T3918,16.8
T3919,16.9
T3920,17.3
T3921,17.9
T3922,18.7
T3923,19.7
T3924,19.8
T3925,20.1
T3926,20.8
T3927,21.5
T3928,21.5
T3929,21
T3930,20.4
T3931,19.5
T3932,18.8
T3933,18
T3934,17.2
T3935,16.6
T3936,15.5
T3937,15.3
T3938,14.6
T3939,14.2
T3940,13.7
T3941,14
T3942,14.8
T3943,15.8
T3944,17.4
T3945,18.9
T3946,20.1
T3947,21.3
T3948,21.3
T3949,21.5
T3950,21.6
T3951,21.6
T3952,21.4
T3953,20.9
T3954,20.5
T3955,19.7
T3956,18.7
T3957,17.4
T3958,16.1
T3959,14.5
T3960,13.9
T3961,12.7
T3962,12.7
T3963,12.1
T3964,13
T3965,14.3
T3966,15.6
T3967,16.1
T3968,16.8
T3969,17.5
T3970,19.2
T3971,20.2
T3972,21
T3973,21.5
T3974,22
T3975,22.6
T3976,22.3
T3977,22
T3978,21.4
T3979,21.3
T3980,19.6
T3981,17.9
T3982,16.2
T3983,15.8
T3984,16.2
T3985,16.3
T3986,16.9
T3987,16.8
T3988,16.4
T3989,15.4
T3990,16.8
T3991,18.3
T3992,19
T3993,20.1
T3994,21.4
T3995,21.5
T3996,22.6
T3997,24.4
T3998,23.9
T3999,22.4
T4000,22.3
T4001,21.9
T4002,22.2
T4003,22.7
T4004,21.7
T4005,19.6
T4006,17.5
T4007,16.8
T4008,16.2
T4009,15.5
T4010,14.7
T4011,14.6
T4012,14.3
T4013,14.9
T4014,15.6
T4015,16.8
T4016,17.8
T4017,18.7
T4018,19.2
T4019,19.5
T4020,19.1
T4021,20.1
T4022,20.7
T4023,21.1
T4024,21.3
T4025,20.4
T4026,19.8
T4027,19
T4028,18.3
T4029,17.8
T4030,17.5
T4031,16.8
T4032,16.7
T4033,16.9
T4034,16.5
T4035,15.2
T4036,14.7
T4037,15.6
T4038,16.4
T4039,17.1
T4040,17.6
T4041,18.6
T4042,19.7
T4043,21.1
T4044,21.8
T4045,19.5
T4046,19.7
T4047,20.8
T4048,20.6
T4049,19.3
T4050,18.9
T4051,18.1
T4052,16.8
T4053,16.7
T4054,17.2
T4055,17.6
T4056,17.7
T4057,18.1
T4058,18
T4059,17.6
T4060,16.7
T4061,17.1
T4062,17.4
T4063,15.3
T4064,15.9
T4065,18.2
T4066,18.9
T4067,19.7
T4068,20.9
T4069,21.3
T4070,21.7
T4071,20.2
T4072,20
T4073,19.7
T4074,19.6
T4075,19.4
T4076,19.3
T4077,19.7
T4078,20.2
T4079,19.7
T4080,18.9
T4081,18.3
T4082,17.7
T4083,17.5
T4084,17.8
T4085,18.1
T4086,18.4
T4087,18.1
T4088,19.1
T4089,19.3
T4090,19.5
T4091,20.7
T4092,21.5
T4093,21.4
T4094,20.6
T4095,21.4
T4096,20.9
T4097,20.3
T4098,19.7
T4099,18.2
T4100,17.4
T4101,17.1
T4102,17.2
T4103,17.3
T4104,17.2
T4105,16.9
T4106,16.6
T4107,16.4
T4108,16.3
T4109,16.2
T4110,16.4
T4111,17
T4112,17.5
T4113,17.5
T4114,17.6
T4115,18
T4116,17.7
T4117,17.6
T4118,17.8
T4119,18.3
T4120,18.7
T4121,19
T4122,18.7
T4123,18.4
T4124,18.4
T4125,18.3
T4126,17.6
T4127,16.6
T4128,16
T4129,14.9
T4130,14.6
T4131,14.6
T4132,14.3
T4133,13.2
T4134,15.8
T4135,17.7
T4136,16.6
T4137,16.8
T4138,18.7
T4139,19.5
T4140,20
T4141,20.7
T4142,21
T4143,21.3
T4144,21.5
T4145,21.5
T4146,21.3
T4147,20.5
T4148,19.8
T4149,18.9
T4150,17.8
T4151,16.6
T4152,15.2
T4153,15.7
T4154,15.7
T4155,14.9
T4156,13.6
T4157,13.2
T4158,14
T4159,15.3
T4160,17.7
T4161,18.6
T4162,19.4
T4163,20
T4164,20.5
T4165,21
T4166,21.4
T4167,21.6
T4168,21.8
T4169,21.4
T4170,20.4
T4171,20.2
T4172,19.8
T4173,19
T4174,18.2
T4175,17.6
T4176,15.4
T4177,15.1
T4178,14.2
T4179,13.9
T4180,14.6
T4181,15.9
T4182,17.5
T4183,18.2
T4184,18.7
T4185,19.5
T4186,20.5
T4187,21.2
T4188,22.2
T4189,23.1
T4190,24
T4191,23.7
T4192,23.2
T4193,22.5
T4194,21.9
T4195,21.2
T4196,19.8
T4197,18.9
T4198,18.9
T4199,18.8
T4200,18
T4201,17.4
T4202,16.6
T4203,16.9
T4204,17.4
T4205,18
T4206,19.1
T4207,19.9
T4208,20.6
T4209,21.9
T4210,22.7
T4211,23.5
T4212,24.6
T4213,25.5
T4214,25.7
T4215,26.1
T4216,26.6
T4217,26.6
T4218,26.4
T4219,25.8
T4220,24.5
T4221,23.2
T4222,21.8
T4223,20.8
T4224,19.8
T4225,19.2
T4226,18.9
T4227,18.7
T4228,18.6
T4229,18.9
T4230,19.9
T4231,20.6
T4232,21.6
T4233,22.7
T4234,23.7
T4235,24.3
T4236,24.3
T4237,24.8
T4238,25.6
T4239,26.2
T4240,26.4
T4241,26.3
T4242,26
T4243,25.4
T4244,24.3
T4245,22.9
T4246,21.8
T4247,20.6
T4248,19.3
T4249,18.9
T4250,18.9
T4251,18.7
T4252,18.6
T4253,19.1
T4254,19.7
T4255,19.7
T4256,20.4
T4257,21.2
T4258,21.5
T4259,22.6
T4260,24
T4261,22.9
T4262,22.4
T4263,23.1
T4264,23
T4265,23.1
T4266,23.1
T4267,22.6
T4268,21.4
T4269,20.6
T4270,20
T4271,19.8
T4272,19.9
T4273,19.6
T4274,19.5
T4275,19.5
T4276,19.3
T4277,19.5
T4278,20.1
T4279,20.7
T4280,21.8
T4281,22
T4282,22.3
T4283,22.6
T4284,22.9
T4285,21.3
T4286,19.9
T4287,20.4
T4288,19.1
T4289,18.6
T4290,18.8
T4291,18.5
T4292,18.3
T4293,17.6
T4294,15.9
T4295,15.9
T4296,16.1
T4297,15.2
T4298,13.7
T4299,13.5
T4300,13.1
T4301,13.7
T4302,16.3
T4303,17.8
T4304,18.9
T4305,19.4
T4306,19.8
T4307,20.3
T4308,20.8
T4309,20.7
T4310,20.8
T4311,20.5
T4312,21.5
T4313,20.9
T4314,20.9
T4315,19.7
T4316,19.1
T4317,17.9
T4318,16.3
T4319,16
T4320,15.9
T4321,16
T4322,15.4
T4323,14.9
T4324,14.3
T4325,14.1
T4326,14.6
T4327,15
T4328,15.7
T4329,16.7
T4330,16.3
T4331,16.6
T4332,16.8
T4333,14.5
T4334,16.6
T4335,16.8
T4336,17.3
T4337,17.6
T4338,17.6
T4339,17.2
T4340,16.6
T4341,16.2
T4342,15.7
T4343,15.4
T4344,15.2
T4345,15
T4346,14.9
T4347,14.3
T4348,14.1
T4349,14
T4350,14.9
T4351,15.4
T4352,16.2
T4353,17.2
T4354,17.8
T4355,19
T4356,18.2
T4357,18.2
T4358,18.7
T4359,18.1
T4360,19
T4361,19.8
T4362,19.8
T4363,19.5
T4364,18.7
T4365,18.1
T4366,17.3
T4367,16.8
T4368,16.4
T4369,16.5
T4370,16.1
T4371,15.7
T4372,15.5
T4373,15.4
T4374,15.3
T4375,16.2
T4376,16.7
T4377,16.8
T4378,18
T4379,18.3
T4380,19.4
T4381,19.8
T4382,19.4
T4383,19.3
T4384,19.4
T4385,19.8
T4386,19.6
T4387,19.2
T4388,18.3
T4389,17.3
T4390,16.3
T4391,16.2
T4392,15.8
T4393,15.1
T4394,15.3
T4395,15.1
T4396,14.6
T4397,14.3
T4398,14.4
T4399,14.8
T4400,15.3
T4401,15.9
T4402,16.7
T4403,16.9
T4404,17.1
T4405,17.8
T4406,17.9
T4407,16.8
T4408,16.1
T4409,14.2
T4410,13.9
T4411,14.9
T4412,15.2
T4413,15.3
T4414,14.7
T4415,14.5
T4416,14.8
T4417,15.1
T4418,15.1
T4419,15.1
T4420,15.4
T4421,15
T4422,14.9
T4423,15.4
T4424,15.5
T4425,16
T4426,16
T4427,16.2
T4428,16.5
T4429,16.6
T4430,15.9
T4431,15.8
T4432,15.9
T4433,16.1
T4434,16.2
T4435,16.5
T4436,16.6
T4437,16.8
T4438,16.8
T4439,16.8
T4440,16.7
T4441,16.8
T4442,16.6
T4443,16.6
T4444,16.8
T4445,16.8
T4446,17.2
T4447,17.6
T4448,18.1
T4449,18.3
T4450,18.6
T4451,18.4
T4452,18.8
T4453,19.6
T4454,19
T4455,19.6
T4456,20.5
T4457,20.4
T4458,19.8
T4459,18.5
T4460,17.2
T4461,16.2
T4462,15.5
T4463,14.7
T4464,14.3
T4465,13.9
T4466,13.6
T4467,13.3
T4468,13.7
T4469,14.1
T4470,14
T4471,14.4
T4472,15.3
T4473,14.4
T4474,15.3
T4475,15.7
T4476,17.2
T4477,16.4
T4478,17.7
T4479,17.1
T4480,17.2
T4481,16.4
T4482,16
T4483,15.8
T4484,15.3
T4485,14.5
T4486,13.6
T4487,13.3
T4488,12.7
T4489,12.2
T4490,12
T4491,12.1
T4492,12.4
T4493,12.6
T4494,12.7
T4495,12.4
T4496,14
T4497,14.6
T4498,15.7
T4499,16.2
T4500,16.6
T4501,16.9
T4502,16.7
T4503,14.4
T4504,13.7
T4505,14.7
T4506,12.4
T4507,12.7
T4508,13
T4509,12.9
T4510,12.4
T4511,11.8
T4512,11
T4513,10.5
T4514,10.1
T4515,10
T4516,10.4
T4517,10.8
T4518,11.3
T4519,12.3
T4520,13
T4521,13.5
T4522,14.1
T4523,15
T4524,15.6
T4525,15
T4526,15.3
T4527,16.4
T4528,16.7
T4529,16.7
T4530,16.7
T4531,16.2
T4532,15.3
T4533,14
T4534,12.4
T4535,11.9
T4536,11.5
T4537,10.8
T4538,9.8
T4539,9.4
T4540,8.9
T4541,9.4
T4542,10.9
T4543,12.6
T4544,13.6
T4545,14.5
T4546,15.3
T4547,16.1
T4548,16.1
T4549,15.8
T4550,16
T4551,15.8
T4552,16.3
T4553,16.1
T4554,15.4
T4555,15.2
T4556,14.1
T4557,13.5
T4558,13.1
T4559,12.5
T4560,12.1
T4561,11.3
T4562,10.5
T4563,10
T4564,9.5
T4565,10.5
T4566,13.3
T4567,14
T4568,14.4
T4569,14.6
T4570,14.5
T4571,14.1
T4572,13.1
T4573,12.3
T4574,12.6
T4575,13
T4576,13.4
T4577,12.8
T4578,12.8
T4579,13.5
T4580,13.1
T4581,12.6
T4582,12.6
T4583,12.4
T4584,12
T4585,11.5
T4586,11.2
T4587,11.3
T4588,10.9
T4589,11.1
T4590,11.9
T4591,12.9
T4592,14.1
T4593,15.1
T4594,16
T4595,16.3
T4596,16.4
T4597,17.1
T4598,17.6
T4599,17.8
T4600,17.8
T4601,16.9
T4602,17
T4603,16.6
T4604,15.6
T4605,14.4
T4606,13.5
T4607,13.1
T4608,12
T4609,11.2
T4610,10.7
T4611,10.1
T4612,10.2
T4613,10.3
T4614,11.5
T4615,13.2
T4616,14
T4617,14.8
T4618,15.4
T4619,16.6
T4620,17.3
T4621,17.2
T4622,17.8
T4623,16.9
T4624,16.7
T4625,16.9
T4626,17
T4627,16.8
T4628,16.2
T4629,15.8
T4630,15.6
T4631,15.4
T4632,14.1
T4633,13.9
T4634,12.8
T4635,12.3
T4636,11.5
T4637,12.1
T4638,12.3
T4639,13.2
T4640,14.6
T4641,14.7
T4642,14.9
T4643,15.8
T4644,16.1
T4645,16.7
T4646,17.6
T4647,18.2
T4648,18
T4649,18.2
T4650,18.4
T4651,18.1
T4652,17.5
T4653,16.1
T4654,15.3
T4655,15.3
T4656,14.1
T4657,12.9
T4658,12.3
T4659,12.5
T4660,12.6
T4661,13.1
T4662,14.8
T4663,15.7
T4664,16.9
T4665,17
T4666,17.7
T4667,17.9
T4668,18.3
T4669,19.6
T4670,19.9
T4671,19.6
T4672,19.1
T4673,18.3
T4674,17.9
T4675,17.5
T4676,16.7
T4677,15.8
T4678,15.4
T4679,15.5
T4680,15.3
T4681,15.5
T4682,15.5
T4683,14.9
T4684,14.7
T4685,14.4
T4686,14.4
T4687,14.7
T4688,15.4
T4689,15.9
T4690,16.2
T4691,16.8
T4692,17
T4693,16.8
T4694,17.1
T4695,18.3
T4696,18.8
T4697,18.3
T4698,17.5
T4699,16.4
T4700,15.1
T4701,15.3
T4702,14.9
T4703,14.7
T4704,14.5
T4705,14.2
T4706,13.7
T4707,13.5
T4708,13.3
T4709,12.8
T4710,13.5
T4711,15.2
T4712,15.9
T4713,16.3
T4714,16.9
T4715,17
T4716,17.9
T4717,17.8
T4718,17.6
T4719,17.9
T4720,17.9
T4721,17.8
T4722,17.6
T4723,17.4
T4724,17
T4725,15.9
T4726,15.4
T4727,15.3
T4728,15.3
T4729,15.2
T4730,15
T4731,14.9
T4732,14.9
T4733,15
T4734,15.6
T4735,16.7
T4736,17.7
T4737,18.8
T4738,18.9
T4739,19.5
T4740,19.8
T4741,19.9
T4742,20.3
T4743,20.4
T4744,20.5
T4745,20.4
T4746,20.5
T4747,20.1
T4748,19.2
T4749,17.7
T4750,17.7
T4751,17.4
T4752,15.5
T4753,14.4
T4754,14.3
T4755,14.1
T4756,14.5
T4757,14.6
T4758,16.4
T4759,18.3
T4760,19.8
T4761,20.1
T4762,20.6
T4763,21.3
T4764,21.9
T4765,22.1
T4766,22.3
T4767,22.1
T4768,21.8
T4769,21.4
T4770,20.7
T4771,20
T4772,19.3
T4773,17.9
T4774,17.4
T4775,17.5
T4776,17.5
T4777,17.3
T4778,17.7
T4779,17.5
T4780,17.2
T4781,18
T4782,18.2
T4783,18.8
T4784,20.2
T4785,21.6
T4786,22.3
T4787,22.5
T4788,23.1
T4789,23.7
T4790,23.9
T4791,24
T4792,24.2
T4793,23.1
T4794,22.3
T4795,22.3
T4796,21.5
T4797,20.9
T4798,20.7
T4799,19.8
T4800,19.2
T4801,18.8
T4802,18.4
T4803,17.9
T4804,17.6
T4805,17.2
T4806,17.1
T4807,17.3
T4808,16.4
T4809,16.1
T4810,16.4
T4811,17.8
T4812,18.1
T4813,19.3
T4814,19.6
T4815,19.9
T4816,19.8
T4817,19.3
T4818,18.8
T4819,18.4
T4820,17.8
T4821,16.9
T4822,15.8
T4823,15
T4824,13.4
T4825,12.8
T4826,12.2
T4827,11.5
T4828,11.7
T4829,12.2
T4830,12.5
T4831,13.5
T4832,15.2
T4833,16.1
T4834,16.8
T4835,17.8
T4836,18.5
T4837,19.1
T4838,19.1
T4839,19.2
T4840,19.5
T4841,19.1
T4842,18.5
T4843,18.2
T4844,17.4
T4845,16.2
T4846,15.3
T4847,14.4
T4848,14.1
T4849,13.4
T4850,12.8
T4851,11
T4852,10.4
T4853,10.4
T4854,12
T4855,13.9
T4856,15.2
T4857,16.2
T4858,16.7
T4859,17.6
T4860,17.6
T4861,18.2
T4862,18.8
T4863,19.2
T4864,18.9
T4865,18.5
T4866,18.3
T4867,17.4
T4868,17
T4869,16
T4870,15.6
T4871,15
T4872,13.2
T4873,12.7
T4874,10.8
T4875,10.3
T4876,9.9
T4877,10.1
T4878,11.8
T4879,13.7
T4880,15.2
T4881,16.3
T4882,17.4
T4883,18.5
T4884,18.9
T4885,18.7
T4886,18.9
T4887,19.3
T4888,19
T4889,19.3
T4890,18.9
T4891,17.8
T4892,16.9
T4893,16.5
T4894,16.3
T4895,15.4
T4896,14.2
T4897,13.9
T4898,14.4
T4899,15.2
T4900,15.7
T4901,16.1
T4902,16.4
T4903,16.4
T4904,16.2
T4905,16.1
T4906,16.7
T4907,17.8
T4908,18.2
T4909,18.7
T4910,18.6
T4911,20
T4912,20.1
T4913,20.3
T4914,19.5
T4915,18.8
T4916,18.1
T4917,17
T4918,15.8
T4919,15
T4920,14.5
T4921,14
T4922,13.8
T4923,13.4
T4924,11
T4925,10.1
T4926,12.7
T4927,14.6
T4928,16
T4929,16.8
T4930,17.6
T4931,18.2
T4932,18.8
T4933,19.1
T4934,19.4
T4935,19.3
T4936,19.2
T4937,18.8
T4938,18.5
T4939,18.4
T4940,18.1
T4941,18.1
T4942,18.1
T4943,18.2
T4944,18.4
T4945,18.5
T4946,18.4
T4947,18
T4948,17.7
T4949,17.7
T4950,17.7
T4951,18.1
T4952,18.7
T4953,18.8
T4954,19.8
T4955,19.7
T4956,19.4
T4957,17.7
T4958,17.3
T4959,18
T4960,18.5
T4961,19.3
T4962,20.1
T4963,19.6
T4964,18.4
T4965,16.5
T4966,15.3
T4967,14.7
T4968,14.4
T4969,14.4
T4970,14.4
T4971,14.3
T4972,13.9
T4973,12.9
T4974,14.7
T4975,16.3
T4976,17
T4977,17.7
T4978,18
T4979,18.2
T4980,19
T4981,18.9
T4982,18.5
T4983,18.6
T4984,19
T4985,19.3
T4986,19.5
T4987,19.2
T4988,18.8
T4989,18.1
T4990,17.7
T4991,17.7
T4992,17.5
T4993,17.3
T4994,16.9
T4995,17
T4996,17.2
T4997,17.4
T4998,17.7
T4999,18.2
T5000,19.1
T5001,19.9
T5002,21
T5003,21.3
T5004,22.3
T5005,22.4
T5006,22
T5007,21.6
T5008,21.4
T5009,20.6
T5010,19.6
T5011,19.1
T5012,18.1
T5013,17
T5014,16.1
T5015,15.4
T5016,14.7
T5017,14.5
T5018,14.1
T5019,14.1
T5020,13.8
T5021,14.4
T5022,14.6
T5023,15.3
T5024,15.8
T5025,16.6
T5026,16.4
T5027,16.7
T5028,17.1
T5029,17.3
T5030,17.7
T5031,17.7
T5032,17.4
T5033,16.8
T5034,16.2
T5035,15.6
T5036,14
T5037,14.2
T5038,14.1
T5039,13.7
T5040,13.5
T5041,13.6
T5042,13.5
T5043,13.6
T5044,13.2
T5045,13.3
T5046,13.7
T5047,13.5
T5048,13.8
T5049,15
T5050,15.3
T5051,15.6
T5052,16.8
T5053,17.4
T5054,17.6
T5055,18.1
T5056,18
T5057,18.1
T5058,18.1
T5059,17.7
T5060,17.2
T5061,16
T5062,15.4
T5063,14.6
T5064,13.7
T5065,13.3
T5066,13.7
T5067,14
T5068,13.8
T5069,13.6
T5070,13.7
T5071,14
T5072,14.4
T5073,14.9
T5074,15.7
T5075,17
T5076,18.1
T5077,19.4
T5078,18.6
T5079,18.3
T5080,18.6
T5081,18.8
T5082,19.4
T5083,19.7
T5084,19.3
T5085,16.7
T5086,16.2
T5087,15.8
T5088,14.5
T5089,14.1
T5090,13.4
T5091,13.1
T5092,13.2
T5093,13.3
T5094,14.9
T5095,16.8
T5096,18
T5097,18.8
T5098,19.3
T5099,19.7
T5100,20.1
T5101,20.5
T5102,20.8
T5103,20.8
T5104,21.2
T5105,21
T5106,21.3
T5107,20.6
T5108,19.9
T5109,19.1
T5110,18.6
T5111,18.4
T5112,18.4
T5113,18.7
T5114,18.8
T5115,18.3
T5116,18
T5117,17.6
T5118,17.4
T5119,17.4
T5120,18
T5121,19.3
T5122,20.4
T5123,21.3
T5124,21.6
T5125,21.3
T5126,21.1
T5127,20.9
T5128,20.8
T5129,21.2
T5130,20.9
T5131,19.5
T5132,18.8
T5133,18.3
T5134,18.3
T5135,18.4
T5136,18
T5137,17.3
T5138,16.6
T5139,16.1
T5140,15.3
T5141,14.2
T5142,14.2
T5143,15.2
T5144,16.2
T5145,16.9
T5146,18
T5147,18.2
T5148,18.4
T5149,19
T5150,19.5
T5151,20.3
T5152,20.6
T5153,19.3
T5154,18.2
T5155,18.2
T5156,17.9
T5157,16.8
T5158,16.3
T5159,14.8
T5160,13.7
T5161,14.3
T5162,14.6
T5163,13.7
T5164,13
T5165,12.5
T5166,13.2
T5167,14.6
T5168,15.8
T5169,16.8
T5170,17.7
T5171,18.5
T5172,19.5
T5173,19.9
T5174,20
T5175,20
T5176,19.8
T5177,20
T5178,19.7
T5179,19.1
T5180,18.1
T5181,16.4
T5182,15.6
T5183,15.3
T5184,14.2
T5185,13.1
T5186,12.7
T5187,12.1
T5188,12.6
T5189,13.5
T5190,14.5
T5191,16.1
T5192,17.1
T5193,17.9
T5194,18.8
T5195,19.6
T5196,20.5
T5197,20.9
T5198,21.5
T5199,21.7
T5200,21.5
T5201,21
T5202,21
T5203,20.5
T5204,19.8
T5205,19.7
T5206,19.3
T5207,18.7
T5208,17.5
T5209,17.2
T5210,16.9
T5211,16.7
T5212,16.2
T5213,16.1
T5214,17.4
T5215,19.7
T5216,21.1
T5217,21.7
T5218,22.2
T5219,22.8
T5220,23.7
T5221,23.8
T5222,24.1
T5223,24
T5224,25.1
T5225,24.1
T5226,23.4
T5227,22.9
T5228,21.9
T5229,20.8
T5230,20.3
T5231,19.7
T5232,18.9
T5233,18.8
T5234,18.3
T5235,18
T5236,16.7
T5237,16.5
T5238,17.2
T5239,19.3
T5240,20.4
T5241,21.8
T5242,23.7
T5243,25.2
T5244,25.1
T5245,25.7
T5246,26.8
T5247,27.1
T5248,27
T5249,26.6
T5250,25.8
T5251,25
T5252,23.5
T5253,22.6
T5254,20.3
T5255,18.7
T5256,18.1
T5257,18
T5258,18.2
T5259,18.1
T5260,17.7
T5261,17.4
T5262,18.2
T5263,18.6
T5264,19.1
T5265,19.8
T5266,21.2
T5267,23
T5268,25.5
T5269,27
T5270,27.9
T5271,28.7
T5272,29
T5273,27.5
T5274,27
T5275,24.6
T5276,23.5
T5277,23
T5278,22
T5279,21.6
T5280,20.5
T5281,19.6
T5282,19.9
T5283,20.1
T5284,19.2
T5285,18.6
T5286,19
T5287,20.9
T5288,22.1
T5289,23.1
T5290,23.8
T5291,25.7
T5292,26.9
T5293,28.7
T5294,29.4
T5295,29.2
T5296,28.6
T5297,28
T5298,27.8
T5299,26.2
T5300,25.2
T5301,24.6
T5302,23.5
T5303,22.6
T5304,22.1
T5305,21.9
T5306,21.5
T5307,20.8
T5308,20.4
T5309,19.6
T5310,19.8
T5311,21
T5312,22
T5313,22.8
T5314,24.4
T5315,26.3
T5316,27.5
T5317,27.7
T5318,26.8
T5319,27.1
T5320,26.5
T5321,26
T5322,24.6
T5323,23.8
T5324,22.7
T5325,21.7
T5326,20.6
T5327,19.6
T5328,18.9
T5329,18.6
T5330,18.4
T5331,18
T5332,17.5
T5333,17.9
T5334,18.1
T5335,19
T5336,19.8
T5337,20.7
T5338,21.9
T5339,23
T5340,24
T5341,23.4
T5342,23.3
T5343,23.2
T5344,23
T5345,22.8
T5346,22.5
T5347,21.6
T5348,21.1
T5349,20
T5350,19
T5351,18.4
T5352,17.9
T5353,17.5
T5354,17.3
T5355,17
T5356,16.8
T5357,16.6
T5358,16.8
T5359,17.4
T5360,18.6
T5361,19.3
T5362,20.7
T5363,21.8
T5364,22.4
T5365,22.5
T5366,22.6
T5367,22.2
T5368,22
T5369,21.3
T5370,20.7
T5371,20.7
T5372,20.2
T5373,19.5
T5374,18.9
T5375,18.4
T5376,17.8
T5377,17.1
T5378,16.9
T5379,16.5
T5380,16.2
T5381,16.2
T5382,16.8
T5383,17.7
T5384,18.4
T5385,19.6
T5386,20.8
T5387,21.8
T5388,23
T5389,23.9
T5390,23.3
T5391,22.8
T5392,22.5
T5393,21.7
T5394,20.8
T5395,20.1
T5396,18.8
T5397,18.3
T5398,17.7
T5399,16.5
T5400,17.2
T5401,16.8
T5402,16
T5403,15
T5404,16.3
T5405,15.7
T5406,16.4
T5407,17.9
T5408,18.8
T5409,20.3
T5410,21.4
T5411,22.8
T5412,24
T5413,25
T5414,25.5
T5415,25.2
T5416,24.5
T5417,24.3
T5418,24.5
T5419,23.8
T5420,21.3
T5421,20.4
T5422,19.7
T5423,18.9
T5424,18.4
T5425,18.4
T5426,18.1
T5427,18.2
T5428,18.1
T5429,17.2
T5430,18.5
T5431,19.9
T5432,20.2
T5433,20.7
T5434,22.3
T5435,24.2
T5436,26
T5437,26.7
T5438,26.8
T5439,26.8
T5440,26
T5441,25.2
T5442,24.8
T5443,23.8
T5444,22.1
T5445,21.5
T5446,20.1
T5447,20.2
T5448,19.9
T5449,19.5
T5450,19.2
T5451,19
T5452,18.8
T5453,18.4
T5454,19.1
T5455,21.1
T5456,22.3
T5457,23.5
T5458,25.3
T5459,26.4
T5460,27.2
T5461,26.9
T5462,26.5
T5463,26.4
T5464,26.4
T5465,26.4
T5466,25.4
T5467,24.6
T5468,23.2
T5469,22.3
T5470,20.7
T5471,21
T5472,20.4
T5473,19.6
T5474,18.8
T5475,18.7
T5476,17.9
T5477,17.8
T5478,18.6
T5479,20.2
T5480,21.6
T5481,23.2
T5482,24.6
T5483,26.2
T5484,27.4
T5485,27.6
T5486,27.5
T5487,27.4
T5488,27.1
T5489,26.6
T5490,26.3
T5491,25.8
T5492,24.2
T5493,23.1
T5494,22
T5495,20.8
T5496,20.3
T5497,19.7
T5498,19
T5499,19.1
T5500,18.9
T5501,18.9
T5502,19.3
T5503,20.4
T5504,21.7
T5505,23
T5506,24.1
T5507,24.5
T5508,23.9
T5509,24.3
T5510,24.6
T5511,24.8
T5512,24.8
T5513,24.5
T5514,23.9
T5515,23.2
T5516,22.9
T5517,22.1
T5518,21.7
T5519,21.1
T5520,20.8
T5521,20.2
T5522,19.7
T5523,18.4
T5524,18
T5525,18.7
T5526,19.1
T5527,20
T5528,20.5
T5529,20.9
T5530,21.5
T5531,22.5
T5532,23.6
T5533,24.7
T5534,24.8
T5535,22.2
T5536,22.6
T5537,21.6
T5538,22.2
T5539,21.7
T5540,21.1
T5541,20.7
T5542,20.1
T5543,19.7
T5544,18.9
T5545,18.7
T5546,17.9
T5547,18.3
T5548,19.3
T5549,19.8
T5550,20.2
T5551,20.6
T5552,21.1
T5553,21.4
T5554,21.7
T5555,22.4
T5556,22.8
T5557,22.8
T5558,23
T5559,22.8
T5560,22.7
T5561,21.8
T5562,20.1
T5563,19.6
T5564,19.7
T5565,19.7
T5566,20.1
T5567,20.3
T5568,20.5
T5569,20.1
T5570,19.3
T5571,19.1
T5572,19.5
T5573,19.3
T5574,19.5
T5575,19.9
T5576,20.3
T5577,20.7
T5578,21.2
T5579,21.4
T5580,21.1
T5581,21.4
T5582,21.5
T5583,22.1
T5584,22.1
T5585,22.9
T5586,23.1
T5587,22.2
T5588,21.6
T5589,21.2
T5590,21.2
T5591,20.5
T5592,20.3
T5593,20
T5594,19.8
T5595,19.7
T5596,19.4
T5597,19.2
T5598,19.9
T5599,20.7
T5600,21
T5601,21.8
T5602,22.5
T5603,22.5
T5604,22.8
T5605,24
T5606,24.3
T5607,24.3
T5608,24.3
T5609,23.6
T5610,22.5
T5611,21.5
T5612,20.4
T5613,19.7
T5614,19.2
T5615,18.6
T5616,18.3
T5617,17.9
T5618,17.5
T5619,17.3
T5620,17.2
T5621,17.1
T5622,17.1
T5623,17.9
T5624,18.5
T5625,19.4
T5626,20.4
T5627,21.7
T5628,22
T5629,20.1
T5630,21.3
T5631,19.6
T5632,21.2
T5633,21.1
T5634,20.5
T5635,19.7
T5636,18.2
T5637,17.5
T5638,16.9
T5639,16.7
T5640,16.7
T5641,15.4
T5642,15.1
T5643,14.8
T5644,14.6
T5645,14.2
T5646,14.5
T5647,15.6
T5648,15.8
T5649,16.5
T5650,17.4
T5651,17.8
T5652,18
T5653,18.5
T5654,20.1
T5655,18.9
T5656,18.4
T5657,18.1
T5658,17.7
T5659,17.2
T5660,17.3
T5661,17
T5662,16.4
T5663,16.1
T5664,15
T5665,14.7
T5666,14.6
T5667,14.9
T5668,14.9
T5669,14.2
T5670,12.8
T5671,13.5
T5672,14.9
T5673,15.7
T5674,16.4
T5675,17.1
T5676,17.6
T5677,18.2
T5678,18.8
T5679,19
T5680,18.2
T5681,18.1
T5682,17.6
T5683,16.9
T5684,16.9
T5685,17.2
T5686,17.2
T5687,17.3
T5688,16.7
T5689,16
T5690,16
T5691,16.9
T5692,17.6
T5693,17.6
T5694,17.5
T5695,17.4
T5696,17.9
T5697,18.9
T5698,19.3
T5699,18.6
T5700,18.1
T5701,18.9
T5702,17.8
T5703,19.8
T5704,19.6
T5705,19.5
T5706,19.4
T5707,19.5
T5708,18.7
T5709,18.1
T5710,17.8
T5711,17.3
T5712,16.7
T5713,16.1
T5714,16
T5715,15.7
T5716,15.6
T5717,15.3
T5718,15.5
T5719,15.1
T5720,14.9
T5721,15.1
T5722,15.7
T5723,16.4
T5724,16.7
T5725,17
T5726,17.1
T5727,17.1
T5728,15.1
T5729,15.5
T5730,15.4
T5731,14.9
T5732,14.7
T5733,14.5
T5734,13.9
T5735,13.7
T5736,14
T5737,14.2
T5738,14.4
T5739,14.2
T5740,13.5
T5741,13.5
T5742,13.9
T5743,14.1
T5744,14.5
T5745,14.9
T5746,15.4
T5747,16
T5748,16.8
T5749,17
T5750,17.4
T5751,17.6
T5752,16.9
T5753,16.5
T5754,15.9
T5755,15.4
T5756,15.3
T5757,15.3
T5758,15.1
T5759,15.1
T5760,15.4
T5761,15.8
T5762,15.6
T5763,15.1
T5764,15.5
T5765,16
T5766,16
T5767,15.8
T5768,14.9
T5769,13.5
T5770,15.9
T5771,17.9
T5772,18.6
T5773,18.4
T5774,19.1
T5775,19.5
T5776,19.8
T5777,18.8
T5778,18.2
T5779,17.6
T5780,17.1
T5781,15.6
T5782,14.6
T5783,13.8
T5784,13.5
T5785,13.3
T5786,13.1
T5787,12.5
T5788,11.4
T5789,11
T5790,11.6
T5791,13.8
T5792,16.4
T5793,17.9
T5794,18.1
T5795,18.5
T5796,19
T5797,18
T5798,16.7
T5799,18.2
T5800,17.5
T5801,18.3
T5802,18.3
T5803,17.6
T5804,16
T5805,15.6
T5806,15.3
T5807,15
T5808,14.6
T5809,14.3
T5810,13.7
T5811,13.8
T5812,14.4
T5813,14.2
T5814,14
T5815,14.3
T5816,14.7
T5817,15.1
T5818,15.9
T5819,16.1
T5820,16.9
T5821,17.2
T5822,17.6
T5823,17.7
T5824,17.8
T5825,17.5
T5826,17.1
T5827,16.4
T5828,15.6
T5829,15.2
T5830,14.2
T5831,13.9
T5832,13.8
T5833,12.8
T5834,12.8
T5835,12
T5836,11.5
T5837,11.6
T5838,12.4
T5839,13.7
T5840,14.3
T5841,14.5
T5842,15.3
T5843,16.2
T5844,16.8
T5845,18
T5846,19
T5847,19.1
T5848,17.5
T5849,16.9
T5850,16.8
T5851,16.4
T5852,15.7
T5853,15.9
T5854,15.8
T5855,15.6
T5856,14.7
T5857,14.7
T5858,14.1
T5859,13.8
T5860,13.7
T5861,14.2
T5862,13.8
T5863,14
T5864,14.5
T5865,15.7
T5866,16.6
T5867,17.2
T5868,18.3
T5869,18.6
T5870,17.7
T5871,16.7
T5872,17.3
T5873,16.5
T5874,15.7
T5875,15.5
T5876,15.1
T5877,14.7
T5878,14.4
T5879,14
T5880,13.7
T5881,13.8
T5882,14.2
T5883,13.9
T5884,13.4
T5885,12.6
T5886,13
T5887,14.1
T5888,15.7
T5889,17.1
T5890,17.8
T5891,18.3
T5892,19.2
T5893,20.3
T5894,20.1
T5895,20.1
T5896,19.3
T5897,18.8
T5898,18.3
T5899,18
T5900,17.9
T5901,15.7
T5902,14.6
T5903,14.8
T5904,15.2
T5905,15.8
T5906,16.3
T5907,16.1
T5908,15.3
T5909,15.6
T5910,15.8
T5911,16
T5912,16.5
T5913,17.3
T5914,18.6
T5915,19.3
T5916,19.7
T5917,19.7
T5918,19.9
T5919,19.2
T5920,18.8
T5921,18.9
T5922,18.4
T5923,17.9
T5924,17.2
T5925,16.9
T5926,16
T5927,15.6
T5928,15.4
T5929,15.6
T5930,15.7
T5931,15.7
T5932,15.6
T5933,15.1
T5934,14.7
T5935,15
T5936,15.4
T5937,15.9
T5938,16.8
T5939,18
T5940,17.9
T5941,17.3
T5942,16.5
T5943,16.8
T5944,18
T5945,17.3
T5946,16.2
T5947,15.8
T5948,14.7
T5949,14.4
T5950,13.3
T5951,12.8
T5952,12.9
T5953,13.2
T5954,12.7
T5955,12.5
T5956,12.2
T5957,11.8
T5958,11.4
T5959,12.4
T5960,13.3
T5961,14.5
T5962,15.6
T5963,17
T5964,17.6
T5965,17.1
T5966,16.4
T5967,16.9
T5968,16
T5969,15.3
T5970,15.5
T5971,14.5
T5972,13.5
T5973,13
T5974,12.4
T5975,11.9
T5976,11.6
T5977,11.5
T5978,11.4
T5979,11.7
T5980,11.7
T5981,11.6
T5982,11.7
T5983,12.1
T5984,12.7
T5985,14.4
T5986,15.4
T5987,16.6
T5988,17.4
T5989,18
T5990,17.8
T5991,17.3
T5992,18.3
T5993,17.6
T5994,16.4
T5995,15.7
T5996,15.3
T5997,14.8
T5998,14.8
T5999,14.7
T6000,14.9
T6001,15.1
T6002,15.2
T6003,15.3
T6004,15.7
T6005,15.3
T6006,14.8
T6007,14.9
T6008,15.5
T6009,16.3
T6010,17.1
T6011,17.9
T6012,18.9
T6013,20.3
T6014,20.7
T6015,20
T6016,19.5
T6017,19.1
T6018,18.7
T6019,17.7
T6020,16.1
T6021,15.5
T6022,15.3
T6023,15.3
T6024,15
T6025,14.9
T6026,14.3
T6027,14.4
T6028,15.2
T6029,15.6
T6030,15.7
T6031,16.4
T6032,17.4
T6033,18
T6034,18.7
T6035,18.5
T6036,18.5
T6037,18.3
T6038,18.5
T6039,18.2
T6040,17.7
T6041,18
T6042,17.3
T6043,16.1
T6044,15.2
T6045,14.7
T6046,13.9
T6047,12.9
T6048,12.7
T6049,12.5
T6050,12.3
T6051,12.2
T6052,12
T6053,11.1
T6054,11.3
T6055,11.8
T6056,13.1
T6057,14.4
T6058,14.9
T6059,15.6
T6060,15.8
T6061,16.6
T6062,16.7
T6063,17
T6064,16.8
T6065,16.5
T6066,15.8
T6067,14.5
T6068,12.7
T6069,12.3
T6070,11.7
T6071,10.3
T6072,8.9
T6073,8.6
T6074,8.4
T6075,9.5
T6076,9.4
T6077,9.3
T6078,9.7
T6079,10.3
T6080,12.9
T6081,14.4
T6082,15.1
T6083,16.2
T6084,17.2
T6085,17.2
T6086,17.5
T6087,17.8
T6088,18
T6089,17.3
T6090,16.5
T6091,15.6
T6092,15.7
T6093,15.5
T6094,15.6
T6095,15.2
T6096,14.9
T6097,15.1
T6098,14.8
T6099,14.1
T6100,14.5
T6101,15
T6102,14.5
T6103,14.8
T6104,15.5
T6105,16.5
T6106,16.9
T6107,18.1
T6108,18.5
T6109,18.4
T6110,17.6
T6111,18.1
T6112,17.3
T6113,14.7
T6114,14.7
T6115,14.5
T6116,14.4
T6117,14.1
T6118,13.8
T6119,13.9
T6120,13.5
T6121,13.2
T6122,13.4
T6123,13.6
T6124,13.6
T6125,13.4
T6126,13.7
T6127,14.2
T6128,15.2
T6129,15.8
T6130,16.6
T6131,17.2
T6132,17.5
T6133,17
T6134,16.8
T6135,17.5
T6136,18.2
T6137,18.6
T6138,18.4
T6139,17.9
T6140,17.9
T6141,17.7
T6142,17.4
T6143,17.2
T6144,17.1
T6145,16.9
T6146,16.6
T6147,15.9
T6148,14.8
T6149,14.1
T6150,14.8
T6151,14.9
T6152,15.7
T6153,16.3
T6154,17.6
T6155,19
T6156,20.6
T6157,20.4
T6158,21.3
T6159,21.7
T6160,22.4
T6161,22.4
T6162,20.4
T6163,17.6
T6164,16.1
T6165,16
T6166,15.7
T6167,15.8
T6168,15.3
T6169,14.2
T6170,14.3
T6171,14.1
T6172,13.8
T6173,13.6
T6174,14.6
T6175,15.1
T6176,16.9
T6177,18.6
T6178,19.3
T6179,20.3
T6180,23.3
T6181,23.1
T6182,23
T6183,23.3
T6184,24.1
T6185,22.6
T6186,19.9
T6187,19
T6188,18.1
T6189,17.5
T6190,16.5
T6191,15.7
T6192,14.7
T6193,14.1
T6194,12.8
T6195,12.1
T6196,12.9
T6197,12.3
T6198,12.7
T6199,12.8
T6200,15.6
T6201,18.1
T6202,19.4
T6203,19.5
T6204,19.7
T6205,21.1
T6206,19.8
T6207,19
T6208,19
T6209,18
T6210,17
T6211,15.4
T6212,15.1
T6213,14.7
T6214,14.5
T6215,14.3
T6216,13.8
T6217,13.3
T6218,12.7
T6219,12.2
T6220,11.8
T6221,11.3
T6222,11
T6223,11
T6224,11.2
T6225,11.8
T6226,12.5
T6227,13.6
T6228,14.4
T6229,14.8
T6230,15.3
T6231,15.4
T6232,15.5
T6233,14.9
T6234,13.8
T6235,12.3
T6236,11.7
T6237,11.1
T6238,10.4
T6239,10.1
T6240,9.7
T6241,8
T6242,4.6
T6243,5.8
T6244,6
T6245,5.2
T6246,5
T6247,6.2
T6248,9.5
T6249,12.6
T6250,14.5
T6251,15.8
T6252,16.7
T6253,17.2
T6254,17.8
T6255,18.3
T6256,18.1
T6257,17.2
T6258,15.7
T6259,13.9
T6260,11.9
T6261,10.9
T6262,10.1
T6263,9.8
T6264,8.7
T6265,8.4
T6266,7.3
T6267,7.3
T6268,7.8
T6269,7.6
T6270,8.4
T6271,8.5
T6272,11.1
T6273,13.3
T6274,15
T6275,15.7
T6276,16
T6277,16.8
T6278,15.4
T6279,15
T6280,14.9
T6281,14.9
T6282,14.9
T6283,14.5
T6284,13.8
T6285,12.8
T6286,12.6
T6287,12.2
T6288,11.4
T6289,11.6
T6290,9.7
T6291,8.2
T6292,9
T6293,11.6
T6294,12.5
T6295,13.2
T6296,13.5
T6297,13.6
T6298,13.6
T6299,13.7
T6300,14.1
T6301,15.1
T6302,16
T6303,16.3
T6304,16.2
T6305,16.4
T6306,15.4
T6307,14.5
T6308,13.3
T6309,13.6
T6310,14
T6311,13.9
T6312,13.7
T6313,13.3
T6314,13.1
T6315,12.7
T6316,12.4
T6317,12.4
T6318,12.7
T6319,12.9
T6320,13.5
T6321,14.3
T6322,14.9
T6323,15.1
T6324,16
T6325,16.2
T6326,16.8
T6327,16.7
T6328,16
T6329,16.2
T6330,15.8
T6331,15.2
T6332,13.8
T6333,13.1
T6334,12.1
T6335,11.4
T6336,10.3
T6337,10.1
T6338,9.8
T6339,8.3
T6340,8.9
T6341,9
T6342,11.2
T6343,13.7
T6344,14.9
T6345,16.7
T6346,17.3
T6347,17.2
T6348,18.8
T6349,19.5
T6350,19.7
T6351,19.9
T6352,19.1
T6353,18.4
T6354,17.5
T6355,16.8
T6356,16.2
T6357,15.4
T6358,15.1
T6359,14.6
T6360,14.5
T6361,12.7
T6362,11.8
T6363,12
T6364,11.2
T6365,11.6
T6366,13.2
T6367,14
T6368,14
T6369,16
T6370,17.9
T6371,19.4
T6372,19.8
T6373,20.2
T6374,21
T6375,21.7
T6376,21.3
T6377,19.7
T6378,18.4
T6379,17.3
T6380,17
T6381,16.9
T6382,16.8
T6383,16.8
T6384,16.9
T6385,17
T6386,17.2
T6387,17.5
T6388,17.6
T6389,17.5
T6390,17.6
T6391,17.5
T6392,17.8
T6393,17.7
T6394,16.1
T6395,17.7
T6396,18.6
T6397,19
T6398,19.2
T6399,18.7
T6400,18.1
T6401,17.3
T6402,15.8
T6403,13.4
T6404,13
T6405,13.5
T6406,13.3
T6407,13.9
T6408,13.4
T6409,14.2
T6410,14.6
T6411,14.6
T6412,14.3
T6413,13.8
T6414,14
T6415,14.2
T6416,14.5
T6417,14.6
T6418,14.8
T6419,15.2
T6420,15.7
T6421,15.8
T6422,14.5
T6423,14.4
T6424,14.4
T6425,14.1
T6426,14
T6427,13.8
T6428,13.5
T6429,13.5
T6430,13.8
T6431,13.6
T6432,13.5
T6433,13.2
T6434,13.1
T6435,13
T6436,12.7
T6437,12.8
T6438,12.5
T6439,11.6
T6440,12.1
T6441,13.4
T6442,14
T6443,14.5
T6444,14.5
T6445,14.9
T6446,15.2
T6447,15.3
T6448,15.5
T6449,16
T6450,16.6
T6451,16.4
T6452,16.4
T6453,16.8
T6454,17
T6455,17
T6456,16.9
T6457,16.6
T6458,16.5
T6459,16.4
T6460,16.4
T6461,16.2
T6462,16.2
T6463,16.1
T6464,16.7
T6465,17.6
T6466,18.5
T6467,19.3
T6468,20.1
T6469,21.6
T6470,21.8
T6471,20.8
T6472,19.6
T6473,19.1
T6474,18.3
T6475,18
T6476,17.6
T6477,17.2
T6478,16.7
T6479,16.7
T6480,16.3
T6481,16.4
T6482,16.3
T6483,16.2
T6484,15.6
T6485,15.3
T6486,15.2
T6487,15.2
T6488,15.5
T6489,15.9
T6490,15.6
T6491,15
T6492,14.8
T6493,14.5
T6494,14.4
T6495,14.2
T6496,14.3
T6497,14.5
T6498,14.4
T6499,14.2
T6500,14.1
T6501,14.4
T6502,14.7
T6503,14.6
T6504,14.9
T6505,14.8
T6506,14.8
T6507,14.2
T6508,13.6
T6509,13.3
T6510,13.2
T6511,13.5
T6512,14.5
T6513,15.3
T6514,16.1
T6515,16.8
T6516,17.2
T6517,17.2
T6518,17.2
T6519,17
T6520,16.8
T6521,16.1
T6522,15.2
T6523,14.4
T6524,13.9
T6525,14.2
T6526,13.9
T6527,14.1
T6528,13.8
T6529,13.6
T6530,13.1
T6531,12.9
T6532,13.2
T6533,13.2
T6534,13.5
T6535,13.5
T6536,14.5
T6537,15.3
T6538,15.6
T6539,16.5
T6540,16.9
T6541,16.7
T6542,16.8
T6543,16.7
T6544,16.5
T6545,16
T6546,15.4
T6547,15.3
T6548,14.9
T6549,14.2
T6550,14.1
T6551,14.2
T6552,14.2
T6553,14.1
T6554,13.9
T6555,14
T6556,13.2
T6557,12.5
T6558,12.1
T6559,11.9
T6560,12.6
T6561,13.2
T6562,13.8
T6563,14.2
T6564,14.7
T6565,14.9
T6566,15.2
T6567,15.6
T6568,15.6
T6569,15.5
T6570,15.5
T6571,15.1
T6572,14.8
T6573,14.7
T6574,14.7
T6575,14.8
T6576,15.4
T6577,15.3
T6578,15.5
T6579,15.7
T6580,15.8
T6581,15.6
T6582,15.3
T6583,15.3
T6584,15.4
T6585,15.7
T6586,16.4
T6587,16.6
T6588,16.9
T6589,16.7
T6590,15.6
T6591,15.5
T6592,15.5
T6593,15.6
T6594,15.6
T6595,15.2
T6596,14.9
T6597,15
T6598,15.2
T6599,15.3
T6600,15.2
T6601,15.2
T6602,15
T6603,14.9
T6604,14.8
T6605,14.6
T6606,14.6
T6607,14.9
T6608,15.2
T6609,15.9
T6610,16.9
T6611,17.4
T6612,17.5
T6613,17.4
T6614,16.9
T6615,16.7
T6616,16.5
T6617,16.4
T6618,16.4
T6619,16.2
T6620,16.3
T6621,16.4
T6622,16.4
T6623,16.2
T6624,16.1
T6625,15.9
T6626,15.9
T6627,15.8
T6628,15.9
T6629,16.2
T6630,16.1
T6631,15.9
T6632,15.7
T6633,15.5
T6634,14.7
T6635,14.7
T6636,14.7
T6637,14.9
T6638,15.1
T6639,15.4
T6640,15.5
T6641,15.2
T6642,14.5
T6643,14.3
T6644,13.8
T6645,14.5
T6646,14
T6647,13.2
T6648,13.2
T6649,12.9
T6650,11.5
T6651,12
T6652,12.8
T6653,13.1
T6654,12.7
T6655,13.2
T6656,14
T6657,14.7
T6658,15.5
T6659,15.8
T6660,16.3
T6661,17
T6662,17.4
T6663,17.3
T6664,16.6
T6665,15.8
T6666,15.2
T6667,14.7
T6668,14.6
T6669,14.3
T6670,14.4
T6671,14.4
T6672,13.1
T6673,12.5
T6674,12.5
T6675,12.2
T6676,10.8
T6677,10
T6678,10.6
T6679,10.7
T6680,11.7
T6681,12.8
T6682,13.7
T6683,14
T6684,14.2
T6685,14
T6686,13.1
T6687,13
T6688,13.3
T6689,13.5
T6690,13.7
T6691,13.4
T6692,13.2
T6693,13.9
T6694,14.3
T6695,14.2
T6696,13.9
T6697,13.2
T6698,12.5
T6699,13.2
T6700,13
T6701,12.3
T6702,11.9
T6703,12.3
T6704,12.6
T6705,13.2
T6706,13.2
T6707,13.6
T6708,14.5
T6709,15.4
T6710,15.2
T6711,15
T6712,14.4
T6713,13.6
T6714,13.1
T6715,13
T6716,12.4
T6717,12.5
T6718,12.1
T6719,12.6
T6720,12.2
T6721,12.2
T6722,11.8
T6723,11.4
T6724,11.6
T6725,12.5
T6726,12.5
T6727,12.1
T6728,12.3
T6729,12.8
T6730,13.3
T6731,13.6
T6732,13.4
T6733,13.1
T6734,13.3
T6735,12.6
T6736,11.8
T6737,11.7
T6738,11.7
T6739,12.1
T6740,12.7
T6741,13.4
T6742,13.7
T6743,14
T6744,14.5
T6745,13.1
T6746,12.4
T6747,11.2
T6748,10.8
T6749,10.8
T6750,9.8
T6751,9.2
T6752,9.6
T6753,10.8
T6754,12.4
T6755,13.4
T6756,13.6
T6757,14.1
T6758,14.4
T6759,14.4
T6760,13.7
T6761,12.9
T6762,12
T6763,12.4
T6764,12.3
T6765,12.7
T6766,12.7
T6767,12.5
T6768,12.3
T6769,11.8
T6770,11.9
T6771,11.5
T6772,11.3
T6773,11.2
T6774,11.3
T6775,10.3
T6776,9.6
T6777,9.5
T6778,9.8
T6779,10.9
T6780,11.3
T6781,11.5
T6782,10.7
T6783,10.7
T6784,10.7
T6785,9.8
T6786,9.6
T6787,8.3
T6788,7.5
T6789,7.9
T6790,8.2
T6791,7.7
T6792,7.5
T6793,8.3
T6794,8.5
T6795,8.6
T6796,8.6
T6797,8.3
T6798,8.1
T6799,7.9
T6800,8.8
T6801,9.9
T6802,10.3
T6803,11.1
T6804,11.8
T6805,12.4
T6806,12.5
T6807,12.1
T6808,12
T6809,10.8
T6810,8.9
T6811,7.7
T6812,8.1
T6813,7.4
T6814,6.7
T6815,5.7
T6816,5.5
T6817,4.3
T6818,3.4
T6819,3.7
T6820,3.7
T6821,2.6
T6822,3.6
T6823,3.6
T6824,3.6
T6825,7.4
T6826,10.4
T6827,11.3
T6828,12.1
T6829,12.9
T6830,12.9
T6831,12.7
T6832,12.1
T6833,11.2
T6834,9.6
T6835,8.9
T6836,9.1
T6837,8.5
T6838,7.5
T6839,8
T6840,8.5
T6841,8.2
T6842,8.2
T6843,8
T6844,7.7
T6845,7.7
T6846,7.3
T6847,7.3
T6848,8.4
T6849,10.6
T6850,11.2
T6851,12
T6852,12.5
T6853,12.7
T6854,12.8
T6855,12.8
T6856,12.6
T6857,12.5
T6858,11
T6859,11.5
T6860,10.5
T6861,10.6
T6862,10
T6863,9.1
T6864,8.6
T6865,8.3
T6866,8.5
T6867,8.2
T6868,8
T6869,7.9
T6870,7.7
T6871,7.8
T6872,7.6
T6873,7.8
T6874,8.3
T6875,9.2
T6876,10.6
T6877,11
T6878,10.9
T6879,10.9
T6880,10.8
T6881,10.5
T6882,9.8
T6883,9.5
T6884,9.2
T6885,8.6
T6886,8.6
T6887,8.7
T6888,8.9
T6889,8.7
T6890,8.5
T6891,8.2
T6892,8.2
T6893,8.1
T6894,7.7
T6895,7.7
T6896,7.8
T6897,7.9
T6898,8.3
T6899,8.9
T6900,9.5
T6901,9.9
T6902,10.1
T6903,10.1
T6904,10.2
T6905,9.7
T6906,8.8
T6907,8.5
T6908,8.7
T6909,8.1
T6910,7.7
T6911,7.7
T6912,7
T6913,6.6
T6914,6.4
T6915,6.9
T6916,6.4
T6917,5.6
T6918,6.2
T6919,4.8
T6920,6
T6921,8.8
T6922,9.9
T6923,10.5
T6924,11.2
T6925,11.3
T6926,11.4
T6927,11.1
T6928,11.1
T6929,10.7
T6930,10.7
T6931,10.3
T6932,9.8
T6933,9.7
T6934,9.3
T6935,8.7
T6936,8
T6937,7.6
T6938,7.2
T6939,6.9
T6940,6.6
T6941,6.2
T6942,5.8
T6943,6
T6944,6
T6945,7.4
T6946,8.3
T6947,8.8
T6948,9.6
T6949,9.9
T6950,9.9
T6951,10
T6952,10.1
T6953,9.8
T6954,7.4
T6955,7.5
T6956,9.1
T6957,9.4
T6958,9.7
T6959,9.7
T6960,9.8
T6961,9.3
T6962,9.3
T6963,9.5
T6964,9.8
T6965,9.4
T6966,8.9
T6967,8.6
T6968,8.5
T6969,8.8
T6970,9.3
T6971,9.8
T6972,9.8
T6973,10.1
T6974,10.6
T6975,10.7
T6976,10.3
T6977,9.6
T6978,7.9
T6979,7
T6980,4.8
T6981,4.9
T6982,3.8
T6983,3.4
T6984,2.8
T6985,2.8
T6986,3
T6987,3.2
T6988,3.1
T6989,3.4
T6990,5
T6991,4.6
T6992,5.7
T6993,7.1
T6994,8.4
T6995,9.9
T6996,10.4
T6997,10.8
T6998,11.1
T6999,11.2
T7000,10.5
T7001,9.5
T7002,7.3
T7003,5.6
T7004,5.8
T7005,6.2
T7006,6
T7007,7.2
T7008,9.2
T7009,9
T7010,9
T7011,9.2
T7012,9.4
T7013,10.1
T7014,10.5
T7015,10.5
T7016,10.8
T7017,11.1
T7018,11.5
T7019,11.5
T7020,11.7
T7021,11.6
T7022,11.4
T7023,11.3
T7024,11.1
T7025,11.1
T7026,10.8
T7027,10.7
T7028,10.9
T7029,10.8
T7030,10.3
T7031,10.4
T7032,10.6
T7033,10.8
T7034,11
T7035,11.1
T7036,11.2
T7037,10.6
T7038,11
T7039,11.5
T7040,11.9
T7041,12.1
T7042,12.2
T7043,12.3
T7044,12.4
T7045,12.5
T7046,12.4
T7047,12.3
T7048,12.2
T7049,12.1
T7050,12.1
T7051,12.2
T7052,12.4
T7053,12.8
T7054,13.3
T7055,13.4
T7056,13.8
T7057,14.5
T7058,14.6
T7059,14.2
T7060,14
T7061,14
T7062,14.3
T7063,14.4
T7064,14.3
T7065,13.7
T7066,13.8
T7067,14.7
T7068,15.2
T7069,15
T7070,14.9
T7071,14.7
T7072,14.5
T7073,14.1
T7074,13.4
T7075,13.1
T7076,13
T7077,13.2
T7078,13.5
T7079,13.2
T7080,13.1
T7081,12.1
T7082,11.3
T7083,11.2
T7084,11.3
T7085,10.7
T7086,11
T7087,11.2
T7088,11.2
T7089,11.6
T7090,11.8
T7091,11.4
T7092,11.6
T7093,12.3
T7094,12.6
T7095,12.4
T7096,12.4
T7097,11.8
T7098,11.5
T7099,10.7
T7100,9.8
T7101,8.3
T7102,9
T7103,10.2
T7104,10.6
T7105,10.9
T7106,11.1
T7107,11.3
T7108,11.6
T7109,11.8
T7110,12
T7111,12
T7112,12
T7113,12
T7114,12.2
T7115,13
T7116,13.6
T7117,13.8
T7118,13.5
T7119,13.3
T7120,12.4
T7121,11.3
T7122,10.6
T7123,10.7
T7124,10.8
T7125,11.8
T7126,12.1
T7127,12.2
T7128,12.1
T7129,12.3
T7130,12.4
T7131,12.7
T7132,12.9
T7133,12.9
T7134,13
T7135,13.1
T7136,13.1
T7137,13.2
T7138,13.5
T7139,13.2
T7140,13.2
T7141,13.1
T7142,13.1
T7143,13.1
T7144,13.1
T7145,13
T7146,12.9
T7147,12.6
T7148,12.2
T7149,12.3
T7150,12
T7151,11.8
T7152,11.7
T7153,11.6
T7154,11.4
T7155,11.2
T7156,11
T7157,11.2
T7158,11
T7159,10.9
T7160,11.4
T7161,11.9
T7162,12.1
T7163,11.8
T7164,11.8
T7165,12
T7166,11.9
T7167,11.8
T7168,11.4
T7169,11.4
T7170,11.2
T7171,11.3
T7172,11.4
T7173,11.3
T7174,11
T7175,10.6
T7176,10.3
T7177,9.9
T7178,9.4
T7179,9
T7180,9.1
T7181,9.5
T7182,9.2
T7183,9.4
T7184,9.5
T7185,9.9
T7186,10.3
T7187,10.5
T7188,10.5
T7189,11.1
T7190,11.3
T7191,11
T7192,10.8
T7193,10.4
T7194,10.2
T7195,10.5
T7196,10.6
T7197,10.5
T7198,10.5
T7199,10.6
T7200,11
T7201,11
T7202,11.1
T7203,11
T7204,10.6
T7205,10.3
T7206,9.6
T7207,9.8
T7208,9.8
T7209,10.3
T7210,10.9
T7211,11.6
T7212,12.3
T7213,12.6
T7214,12.5
T7215,12.3
T7216,11.9
T7217,10.9
T7218,11
T7219,11.3
T7220,10.9
T7221,11
T7222,11
T7223,10.8
T7224,10.8
T7225,10.6
T7226,11
T7227,11
T7228,11
T7229,10.4
T7230,9.7
T7231,9.2
T7232,9.2
T7233,9.6
T7234,10.1
T7235,10.1
T7236,10.2
T7237,9.7
T7238,10.3
T7239,9.9
T7240,10
T7241,10
T7242,8.6
T7243,7.7
T7244,7.6
T7245,6.9
T7246,6.7
T7247,6.4
T7248,6.8
T7249,6.8
T7250,7.3
T7251,6.6
T7252,6.8
T7253,7.4
T7254,7.7
T7255,8.8
T7256,9.8
T7257,10
T7258,10.2
T7259,10.2
T7260,10.2
T7261,10.3
T7262,10.5
T7263,10.4
T7264,10.7
T7265,10.7
T7266,10.9
T7267,10.8
T7268,10.3
T7269,10.4
T7270,10.5
T7271,10.6
T7272,10.9
T7273,11.1
T7274,11.4
T7275,11.6
T7276,11.5
T7277,11.5
T7278,11.5
T7279,11.4
T7280,11.3
T7281,11.8
T7282,12.2
T7283,12.5
T7284,12.6
T7285,12.8
T7286,12.6
T7287,12.4
T7288,12.5
T7289,12.2
T7290,11.8
T7291,12
T7292,12
T7293,12.6
T7294,12.8
T7295,12.8
T7296,12.9
T7297,12.5
T7298,12.6
T7299,12.6
T7300,12.6
T7301,12.6
T7302,12.2
T7303,11.8
T7304,11.8
T7305,12
T7306,12.2
T7307,12
T7308,12.5
T7309,12.6
T7310,12.8
T7311,12.4
T7312,11.9
T7313,11.8
T7314,12.1
T7315,12.4
T7316,12.7
T7317,12.8
T7318,12.7
T7319,12.7
T7320,13
T7321,13.2
T7322,13
T7323,13.1
T7324,13.4
T7325,13.7
T7326,13.8
T7327,13.8
T7328,14.2
T7329,14.7
T7330,14.9
T7331,15.1
T7332,15.1
T7333,16.4
T7334,16.2
T7335,16.2
T7336,15.8
T7337,15.7
T7338,15.6
T7339,15.8
T7340,15.7
T7341,15.1
T7342,13.7
T7343,12.2
T7344,11.5
T7345,11
T7346,10.8
T7347,10.6
T7348,10.6
T7349,10.8
T7350,10.9
T7351,10.8
T7352,10.6
T7353,10.7
T7354,11.3
T7355,11.8
T7356,12
T7357,12.2
T7358,11.9
T7359,12.3
T7360,12
T7361,11.1
T7362,10.1
T7363,8.6
T7364,9.1
T7365,8.2
T7366,7.8
T7367,9.1
T7368,9.5
T7369,10.1
T7370,9.3
T7371,8.7
T7372,8.6
T7373,8.5
T7374,8.3
T7375,8.7
T7376,8.9
T7377,9.2
T7378,9.5
T7379,10.3
T7380,11.3
T7381,11.7
T7382,11.5
T7383,11.4
T7384,10.8
T7385,10.3
T7386,9.6
T7387,9.2
T7388,8.7
T7389,8.5
T7390,8.1
T7391,8.1
T7392,7.7
T7393,7.9
T7394,8.1
T7395,8.5
T7396,8
T7397,7.9
T7398,8
T7399,8.1
T7400,8.6
T7401,9.4
T7402,10.1
T7403,10.6
T7404,11
T7405,11.1
T7406,11.3
T7407,11.5
T7408,11.2
T7409,11.2
T7410,10.9
T7411,11
T7412,11.7
T7413,12.2
T7414,11.9
T7415,11.7
T7416,11.5
T7417,11.5
T7418,11.8
T7419,12.2
T7420,11.6
T7421,11.5
T7422,11.7
T7423,11.7
T7424,11.6
T7425,11.5
T7426,11.6
T7427,11.8
T7428,12.2
T7429,12.2
T7430,12
T7431,11.7
T7432,11.4
T7433,11.4
T7434,11.4
T7435,11.2
T7436,8.8
T7437,8.5
T7438,7.8
T7439,9.2
T7440,9
T7441,7.7
T7442,8
T7443,8
T7444,8.1
T7445,8.4
T7446,8.8
T7447,8.9
T7448,9.3
T7449,10
T7450,10.8
T7451,11
T7452,11
T7453,10.9
T7454,10.5
T7455,9.7
T7456,8.8
T7457,7.9
T7458,8.7
T7459,8.8
T7460,8.7
T7461,8.1
T7462,5.9
T7463,5.6
T7464,5.2
T7465,4.6
T7466,4.4
T7467,3.1
T7468,2.8
T7469,3.2
T7470,4
T7471,4.6
T7472,4.8
T7473,4.8
T7474,7.5
T7475,9
T7476,10
T7477,10.5
T7478,10.1
T7479,10.6
T7480,9.7
T7481,8.5
T7482,7.5
T7483,8
T7484,9.3
T7485,9.7
T7486,9.6
T7487,9.7
T7488,9.8
T7489,9.8
T7490,9.9
T7491,9.8
T7492,9.7
T7493,9.7
T7494,9.7
T7495,9.7
T7496,9.8
T7497,9.7
T7498,9.6
T7499,9.6
T7500,9.5
T7501,9.6
T7502,9.6
T7503,9.5
T7504,9.5
T7505,9.5
T7506,9.6
T7507,9.6
T7508,9.5
T7509,9.3
T7510,9.4
T7511,9.4
T7512,9.4
T7513,9.4
T7514,9.5
T7515,9.4
T7516,9.3
T7517,9.2
T7518,9.1
T7519,9.3
T7520,9.2
T7521,9.1
T7522,8.8
T7523,8.8
T7524,8.8
T7525,8.8
T7526,8.7
T7527,8.7
T7528,8.6
T7529,8.5
T7530,8.4
T7531,8.4
T7532,8.2
T7533,8.2
T7534,8.2
T7535,8
T7536,7.9
T7537,7.8
T7538,7.9
T7539,7.9
T7540,7.6
T7541,7.3
T7542,7
T7543,6.7
T7544,6.7
T7545,6.5
T7546,6.5
T7547,6.6
T7548,6.7
T7549,6.7
T7550,6.5
T7551,6.5
T7552,6.4
T7553,6.4
T7554,6.4
T7555,6.6
T7556,6.6
T7557,6.8
T7558,6.8
T7559,6.8
T7560,6.8
T7561,6.8
T7562,6.8
T7563,6.7
T7564,6.5
T7565,6.5
T7566,6.7
T7567,6.8
T7568,7
T7569,7.2
T7570,7.3
T7571,7.5
T7572,7.7
T7573,7.9
T7574,8.1
T7575,8.1
T7576,8.2
T7577,8.3
T7578,8.5
T7579,8.7
T7580,9.3
T7581,9.4
T7582,9.1
T7583,8.8
T7584,8.7
T7585,8.4
T7586,7.9
T7587,8.4
T7588,8.4
T7589,7.6
T7590,8
T7591,8.1
T7592,7.7
T7593,8.1
T7594,9.3
T7595,9.3
T7596,9.9
T7597,10.2
T7598,10.3
T7599,10.1
T7600,9.7
T7601,9.2
T7602,8.8
T7603,8.7
T7604,8.8
T7605,9.7
T7606,9.4
T7607,9.4
T7608,9.4
T7609,9.3
T7610,9.5
T7611,9.4
T7612,9.5
T7613,9.5
T7614,9.7
T7615,9.8
T7616,9.7
T7617,9.4
T7618,9.8
T7619,10.1
T7620,10.2
T7621,10.2
T7622,10.7
T7623,10.1
T7624,9.2
T7625,8.3
T7626,8.4
T7627,8.6
T7628,8.7
T7629,9.9
T7630,10.1
T7631,10.5
T7632,10.9
T7633,11.1
T7634,11.2
T7635,11.2
T7636,11.2
T7637,11.1
T7638,11
T7639,11
T7640,11.1
T7641,11.1
T7642,11.2
T7643,11.5
T7644,11.9
T7645,12.1
T7646,11.9
T7647,11.5
T7648,11.5
T7649,11.5
T7650,11.2
T7651,11.2
T7652,11.5
T7653,11.7
T7654,11.8
T7655,11.8
T7656,11.7
T7657,11.7
T7658,11.5
T7659,11.3
T7660,10.6
T7661,10.5
T7662,10.2
T7663,10
T7664,9.8
T7665,9.3
T7666,9.8
T7667,10.3
T7668,10.7
T7669,11
T7670,11.2
T7671,10.9
T7672,10.8
T7673,10.7
T7674,10.4
T7675,10.4
T7676,10.3
T7677,10.4
T7678,10.6
T7679,10.9
T7680,10.9
T7681,10.9
T7682,10
T7683,9.6
T7684,9.4
T7685,9.7
T7686,9.7
T7687,9.7
T7688,9.3
T7689,9.1
T7690,9.4
T7691,9.4
T7692,9.5
T7693,9.8
T7694,10
T7695,10.5
T7696,10.8
T7697,11.3
T7698,11.8
T7699,12.1
T7700,11.9
T7701,11.9
T7702,11.7
T7703,11.5
T7704,11.7
T7705,11.7
T7706,11.6
T7707,11.4
T7708,11.4
T7709,11.4
T7710,11.5
T7711,11.7
T7712,11.7
T7713,11.8
T7714,11.9
T7715,11.8
T7716,11.7
T7717,11.4
T7718,11.2
T7719,11.1
T7720,11
T7721,11.1
T7722,11.1
T7723,11
T7724,10.3
T7725,9.7
T7726,9.7
T7727,9.9
T7728,10.2
T7729,10.8
T7730,11.1
T7731,11.2
T7732,11.5
T7733,10.5
T7734,9.7
T7735,9.2
T7736,9.1
T7737,9.1
T7738,9.6
T7739,10.1
T7740,10
T7741,9.4
T7742,7.3
T7743,7.1
T7744,7
T7745,6.2
T7746,6
T7747,5.4
T7748,5.1
T7749,4.8
T7750,4.7
T7751,4.2
T7752,3.7
T7753,4
T7754,4.7
T7755,4.2
T7756,4.1
T7757,2.7
T7758,-0.3
T7759,1.8
T7760,2.5
T7761,3.2
T7762,4.5
T7763,6.1
T7764,7
T7765,7.1
T7766,7.1
T7767,6.6
T7768,5.7
T7769,4.5
T7770,3.4
T7771,4.2
T7772,3.7
T7773,3.6
T7774,3
T7775,4.8
T7776,5.1
T7777,5.4
T7778,5.7
T7779,6.1
T7780,6.3
T7781,6.2
T7782,6.2
T7783,6
T7784,5.8
T7785,5.8
T7786,5.9
T7787,5.8
T7788,5.9
T7789,6.1
T7790,6.2
T7791,6.5
T7792,6.8
T7793,7.5
T7794,8.2
T7795,8.6
T7796,8.9
T7797,9.3
T7798,9.4
T7799,9.6
T7800,9.8
T7801,9.6
T7802,9.4
T7803,8.6
T7804,8.6
T7805,8.4
T7806,8.6
T7807,8.3
T7808,7.2
T7809,7.8
T7810,7.9
T7811,8.6
T7812,9.2
T7813,9.5
T7814,9.4
T7815,9.2
T7816,8.7
T7817,8.6
T7818,8
T7819,8
T7820,7.8
T7821,7.4
T7822,7.1
T7823,7
T7824,7
T7825,7.1
T7826,7.1
T7827,6.8
T7828,6.6
T7829,6.6
T7830,6.5
T7831,6.1
T7832,5.8
T7833,5.6
T7834,6.2
T7835,7.4
T7836,8.4
T7837,8.9
T7838,8.9
T7839,8.6
T7840,8.1
T7841,7.3
T7842,6.5
T7843,6.2
T7844,6.6
T7845,6.7
T7846,6.6
T7847,6.8
T7848,7.1
T7849,7.2
T7850,7.4
T7851,7.8
T7852,7.7
T7853,7.7
T7854,7.6
T7855,7.6
T7856,7.1
T7857,7.3
T7858,7.4
T7859,7.6
T7860,8
T7861,8.1
T7862,8.3
T7863,8.4
T7864,8.6
T7865,8.8
T7866,8.9
T7867,9
T7868,9
T7869,8.8
T7870,8.6
T7871,8.6
T7872,8.5
T7873,8.3
T7874,8.1
T7875,7.5
T7876,6.9
T7877,5.7
T7878,4.5
T7879,5.2
T7880,6.5
T7881,6.5
T7882,6.7
T7883,7.3
T7884,8
T7885,7.5
T7886,7.1
T7887,7
T7888,6.5
T7889,5.7
T7890,5.6
T7891,5.3
T7892,5.4
T7893,5.3
T7894,5.3
T7895,5.7
T7896,5.9
T7897,6.2
T7898,6.5
T7899,6.6
T7900,6.4
T7901,7.1
T7902,7.4
T7903,7.4
T7904,7.4
T7905,7.7
T7906,8
T7907,8.1
T7908,8.8
T7909,9.4
T7910,9.4
T7911,9.2
T7912,8.7
T7913,8
T7914,7.4
T7915,6.8
T7916,5.8
T7917,7.2
T7918,6.2
T7919,5.3
T7920,4.5
T7921,3.5
T7922,3.3
T7923,1.8
T7924,1.7
T7925,1.8
T7926,1.7
T7927,2.3
T7928,0.3
T7929,0
T7930,1.9
T7931,4.4
T7932,5.3
T7933,3.6
T7934,3.3
T7935,3.7
T7936,3.5
T7937,3.2
T7938,2.8
T7939,3.1
T7940,2.2
T7941,1.7
T7942,1.7
T7943,1.5
T7944,1.3
T7945,1.3
T7946,0.5
T7947,0.2
T7948,0.4
T7949,0.1
T7950,-0.3
T7951,-0.3
T7952,-0.2
T7953,0
T7954,0.2
T7955,0.5
T7956,0.7
T7957,1.4
T7958,2.2
T7959,2.5
T7960,2.3
T7961,2.4
T7962,2.4
T7963,2.5
T7964,2.5
T7965,2
T7966,1.5
T7967,1.6
T7968,2
T7969,2.1
T7970,1.9
T7971,1.8
T7972,1.8
T7973,1.5
T7974,1.7
T7975,2
T7976,1.9
T7977,1.6
T7978,1.4
T7979,1.2
T7980,1.3
T7981,1.5
T7982,1.6
T7983,1.3
T7984,1.1
T7985,1
T7986,0.7
T7987,0.4
T7988,0.4
T7989,0.5
T7990,0.4
T7991,0.3
T7992,0.2
T7993,0.3
T7994,0.3
T7995,0.4
T7996,0.7
T7997,0.1
T7998,0.1
T7999,0.5
T8000,0.8
T8001,1.1
T8002,1.4
T8003,1.7
T8004,2.2
T8005,2.3
T8006,2.4
T8007,2.5
T8008,2.8
T8009,3.3
T8010,3.7
T8011,3.6
T8012,3.9
T8013,4.2
T8014,4.1
T8015,4
T8016,3.7
T8017,3.7
T8018,4
T8019,4.1
T8020,4.1
T8021,4.2
T8022,4.2
T8023,4.3
T8024,4.4
T8025,4.5
T8026,4.6
T8027,4.7
T8028,5
T8029,5.3
T8030,5.6
T8031,5.6
T8032,5.5
T8033,5.3
T8034,5.2
T8035,5.1
T8036,4.4
T8037,4.4
T8038,4.6
T8039,4.6
T8040,5.2
T8041,5.4
T8042,5.2
T8043,5.2
T8044,5.2
T8045,5.4
T8046,5.1
T8047,5.3
T8048,5.2
T8049,5
T8050,5.1
T8051,5.1
T8052,5.2
T8053,5.4
T8054,5.4
T8055,5.6
T8056,5.5
T8057,5.2
T8058,5.1
T8059,5.1
T8060,5.2
T8061,4.9
T8062,4.3
T8063,3.9
T8064,3.7
T8065,3.8
T8066,3.8
T8067,3.7
T8068,3.4
T8069,2.6
T8070,2
T8071,2.1
T8072,1.8
T8073,1.7
T8074,1.8
T8075,1.5
T8076,1.2
T8077,1.2
T8078,1.6
T8079,1.9
T8080,1.9
T8081,1.4
T8082,1.3
T8083,1.6
T8084,2
T8085,2.3
T8086,2.5
T8087,2.5
T8088,2.6
T8089,2.8
T8090,3
T8091,3.1
T8092,3.1
T8093,3.1
T8094,3.1
T8095,3.4
T8096,3.4
T8097,2.8
T8098,3.5
T8099,4
T8100,4.3
T8101,4.4
T8102,4.6
T8103,4.8
T8104,4.9
T8105,5.1
T8106,5.7
T8107,5.8
T8108,5.3
T8109,4.8
T8110,4.9
T8111,4.8
T8112,5.1
T8113,5.3
T8114,5.4
T8115,4.6
T8116,4.3
T8117,4.9
T8118,5.6
T8119,6
T8120,5.6
T8121,5.5
T8122,5.8
T8123,6.2
T8124,6.8
T8125,7
T8126,7
T8127,7
T8128,6.4
T8129,6
T8130,5.4
T8131,5.1
T8132,4.6
T8133,4.6
T8134,4.6
T8135,4.6
T8136,4.3
T8137,3.9
T8138,4.4
T8139,5.2
T8140,5.3
T8141,5.2
T8142,4.4
T8143,4.9
T8144,5.4
T8145,5.5
T8146,5.9
T8147,6.7
T8148,7.3
T8149,8.3
T8150,8.4
T8151,8.3
T8152,8.1
T8153,8
T8154,8.1
T8155,8.3
T8156,8.5
T8157,8.5
T8158,8.6
T8159,8.6
T8160,8.1
T8161,7.9
T8162,7.8
T8163,7.7
T8164,7.4
T8165,7.1
T8166,7
T8167,6.9
T8168,6.8
T8169,6.5
T8170,6.6
T8171,7.1
T8172,7.3
T8173,7
T8174,6.8
T8175,6.8
T8176,6.8
T8177,6.8
T8178,6.9
T8179,6.8
T8180,6.9
T8181,7.1
T8182,7.1
T8183,7
T8184,6.9
T8185,6.9
T8186,6.8
T8187,6.6
T8188,5.9
T8189,6.2
T8190,6.2
T8191,6.1
T8192,6
T8193,5.9
T8194,6
T8195,6
T8196,5.9
T8197,5.7
T8198,5.6
T8199,5.5
T8200,5.5
T8201,5.5
T8202,5.5
T8203,5.4
T8204,5.3
T8205,5.3
T8206,5.3
T8207,5.2
T8208,5
T8209,4.9
T8210,5
T8211,5.1
T8212,5.2
T8213,5.2
T8214,5
T8215,5.1
T8216,5.2
T8217,5.2
T8218,5.3
T8219,4.7
T8220,4.7
T8221,4.9
T8222,5.2
T8223,5.3
T8224,5.2
T8225,5.2
T8226,5.2
T8227,5.1
T8228,4.9
T8229,4.7
T8230,4.6
T8231,4.5
T8232,4.1
T8233,3.9
T8234,3.7
T8235,3.6
T8236,3.4
T8237,3.5
T8238,3.6
T8239,3.3
T8240,3.6
T8241,3.4
T8242,2.9
T8243,2.8
T8244,2.9
T8245,3.1
T8246,3.1
T8247,3.3
T8248,3
T8249,3
T8250,2.9
T8251,2.8
T8252,2.9
T8253,2.8
T8254,2.7
T8255,2.7
T8256,2.7
T8257,2.4
T8258,2.2
T8259,2.2
T8260,2.4
T8261,2.4
T8262,2.6
T8263,2.7
T8264,2.7
T8265,2.5
T8266,2.4
T8267,2.6
T8268,2.6
T8269,2.6
T8270,2.4
T8271,2.5
T8272,2.5
T8273,2.4
T8274,2.4
T8275,2.4
T8276,2.6
T8277,2.8
T8278,3.1
T8279,3.3
T8280,3.5
T8281,3.6
T8282,3.8
T8283,4
T8284,3.8
T8285,4.1
T8286,4.7
T8287,4.7
T8288,4.7
T8289,5
T8290,5.3
T8291,5.4
T8292,5.3
T8293,5.3
T8294,5.1
T8295,5
T8296,4.8
T8297,4.9
T8298,5
T8299,5.2
T8300,5.2
T8301,5.2
T8302,5.3
T8303,5.3
T8304,5.4
T8305,5.3
T8306,5
T8307,5
T8308,5
T8309,5.1
T8310,5.3
T8311,4.8
T8312,5
T8313,5.2
T8314,5.4
T8315,5.4
T8316,5.5
T8317,5.5
T8318,5.5
T8319,5.6
T8320,5.6
T8321,5.7
T8322,5.4
T8323,5.3
T8324,5.4
T8325,5.4
T8326,5.3
T8327,5.2
T8328,5.2
T8329,4.6
T8330,4.1
T8331,3.6
T8332,4.3
T8333,4.4
T8334,4.3
T8335,4.6
T8336,5
T8337,5.2
T8338,5.3
T8339,5.3
T8340,5.4
T8341,5.3
T8342,5.5
T8343,5.8
T8344,5.9
T8345,5.8
T8346,6.1
T8347,6.4
T8348,6.6
T8349,6.8
T8350,6.9
T8351,7
T8352,7.1
T8353,7.2
T8354,7.3
T8355,7.4
T8356,7.5
T8357,7.6
T8358,7.5
T8359,7.4
T8360,7.1
T8361,7
T8362,6.8
T8363,6.8
T8364,6.8
T8365,6.8
T8366,6.7
T8367,6.6
T8368,6.6
T8369,6.8
T8370,6.8
T8371,6.9
T8372,6.9
T8373,6.8
T8374,6.9
T8375,7.2
T8376,7.4
T8377,6.4
T8378,6
T8379,6.4
T8380,6.7
T8381,6.9
T8382,7.1
T8383,7.2
T8384,6.9
T8385,6.6
T8386,6.9
T8387,7.9
T8388,7.8
T8389,7.8
T8390,8
T8391,7.6
T8392,6.5
T8393,4.7
T8394,5.2
T8395,6.8
T8396,7.1
T8397,7.1
T8398,6.6
T8399,6.6
T8400,6.4
T8401,6.3
T8402,6.2
T8403,6.4
T8404,6.5
T8405,6.6
T8406,6.8
T8407,7
T8408,7.1
T8409,7.2
T8410,7.1
T8411,6.9
T8412,7
T8413,7
T8414,7
T8415,6.9
T8416,6.7
T8417,6.9
T8418,6.9
T8419,7.2
T8420,7.2
T8421,7.3
T8422,7.4
T8423,7.6
T8424,7.5
T8425,7.4
T8426,7.5
T8427,7.5
T8428,7.3
T8429,7
T8430,7.3
T8431,7.3
T8432,7.3
T8433,7.1
T8434,7.3
T8435,7.4
T8436,7.6
T8437,7.6
T8438,7.7
T8439,7.1
T8440,6.8
T8441,6.6
T8442,7
T8443,7.3
T8444,7.3
T8445,7
T8446,6.4
T8447,5.9
T8448,6.1
T8449,6.4
T8450,6.4
T8451,6.3
T8452,6.3
T8453,5.9
T8454,6
T8455,6.1
T8456,6
T8457,5.7
T8458,5.9
T8459,6.1
T8460,5.2
T8461,4.9
T8462,4.8
T8463,4.7
T8464,5.4
T8465,6
T8466,5.9
T8467,5.8
T8468,5.9
T8469,6.1
T8470,6.1
T8471,6.3
T8472,6.7
T8473,7
T8474,7.2
T8475,7.2
T8476,7.1
T8477,7.1
T8478,7
T8479,6.3
T8480,6.7
T8481,7.1
T8482,7.2
T8483,7.2
T8484,7.2
T8485,7
T8486,6.7
T8487,6.5
T8488,6.3
T8489,6.3
T8490,6.3
T8491,6.3
T8492,6.4
T8493,6.5
T8494,6.5
T8495,6.3
T8496,6.3
T8497,6.3
T8498,6.4
T8499,6.3
T8500,6.3
T8501,6.3
T8502,6.5
T8503,6.2
T8504,5.9
T8505,6
T8506,6.3
T8507,6.6
T8508,6.7
T8509,6.8
T8510,6.7
T8511,6.6
T8512,6.7
T8513,6.7
T8514,6.7
T8515,6.6
T8516,6.7
T8517,6.5
T8518,6.3
T8519,6.2
T8520,5.9
T8521,6
T8522,6.1
T8523,6
T8524,6.1
T8525,5.7
T8526,5.7
T8527,5.8
T8528,6
T8529,6.2
T8530,6.6
T8531,6.9
T8532,7.3
T8533,8.1
T8534,9
T8535,8.9
T8536,8.7
T8537,8.1
T8538,7.3
T8539,6.5
T8540,5.6
T8541,5
T8542,4.7
T8543,4.5
T8544,4.3
T8545,4.4
T8546,4.2
T8547,3.8
T8548,3.9
T8549,4.1
T8550,4
T8551,4
T8552,4
T8553,4.1
T8554,4.4
T8555,5.1
T8556,5.3
T8557,5.6
T8558,5.4
T8559,4.8
T8560,3.9
T8561,3.4
T8562,3
T8563,3.1
T8564,2.9
T8565,2.9
T8566,3.1
T8567,3.3
T8568,3.4
T8569,3.7
T8570,3.5
T8571,4.5
T8572,4.6
T8573,4.6
T8574,4.3
T8575,3.8
T8576,3.9
T8577,4
T8578,4.6
T8579,4.8
T8580,4.9
T8581,4.7
T8582,4.5
T8583,4.2
T8584,3.8
T8585,3.4
T8586,3.3
T8587,3.2
T8588,2.7
T8589,2.4
T8590,1.9
T8591,1.3
T8592,1.1
T8593,0.9
T8594,0.8
T8595,0.7
T8596,0.3
T8597,0
T8598,-0.1
T8599,-0.5
T8600,-0.9
T8601,-0.9
T8602,-1.3
T8603,0.7
T8604,2.2
T8605,2.8
T8606,2.9
T8607,2.7
T8608,2
T8609,1.3
T8610,0.4
T8611,-0.2
T8612,0.2
T8613,-0.1
T8614,0.2
T8615,-0.4
T8616,-0.4
T8617,-2.4
T8618,-3.4
T8619,-2.2
T8620,-0.7
T8621,-1.6
T8622,-1.6
T8623,-0.4
T8624,1.7
T8625,2
T8626,2.5
T8627,3
T8628,3.4
T8629,3.5
T8630,3.6
T8631,3.7
T8632,3.6
T8633,3.6
T8634,3.6
T8635,3.6
T8636,3.8
T8637,3.9
T8638,4.1
T8639,4.2
T8640,4.3
T8641,4.2
T8642,4.2
T8643,4.1
T8644,4.4
T8645,4.6
T8646,4.7
T8647,4.5
T8648,4.7
T8649,4.3
T8650,4
T8651,3.9
T8652,3.7
T8653,3.7
T8654,3.9
T8655,3.9
T8656,2.9
T8657,2.9
T8658,3.1
T8659,2.6
T8660,2.5
T8661,3
T8662,2.9
T8663,2.6
T8664,2.8
T8665,2.5
T8666,2.4
T8667,2.6
T8668,3.2
T8669,3.9
T8670,4.2
T8671,4.5
T8672,4.5
T8673,4.2
T8674,4.3
T8675,4.5
T8676,4.5
T8677,4.5
T8678,4.5
T8679,4.6
T8680,4.6
T8681,4.5
T8682,4.4
T8683,4.5
T8684,4.4
T8685,4.4
T8686,4.3
T8687,4.1
T8688,4.3
T8689,4.3
T8690,4.3
T8691,4.3
T8692,4.1
T8693,3.9
T8694,4
T8695,4.2
T8696,4.3
T8697,4.5
T8698,4.5
T8699,4.3
T8700,3.5
T8701,3.8
T8702,3.5
T8703,3
T8704,3.1
T8705,3.4
T8706,3.6
T8707,3.5
T8708,3.6
T8709,3.7
T8710,4
T8711,4.2
T8712,4.2
T8713,4
T8714,3.8
T8715,3.7
T8716,3.7
T8717,3.7
T8718,3.7
T8719,3.8
T8720,4.1
T8721,4.3
T8722,4.5
T8723,4.4
T8724,4.5
T8725,4.4
T8726,4
T8727,4.1
T8728,4.4
T8729,4.4
T8730,4.5
T8731,4.5
T8732,4.5
T8733,4.6
T8734,4.6
T8735,4.7
T8736,4.8
T8737,4.6
T8738,4.6
T8739,4.7
T8740,4.8
T8741,4.9
T8742,4.9
T8743,4.9
T8744,4.6
T8745,4.6
T8746,4.6
T8747,4.6
T8748,4.4
T8749,4.3
T8750,4.1
T8751,4.1
T8752,4
T8753,3.9
T8754,3.8
T8755,3.5
T8756,3.3
T8757,3.1
T8758,3.3
T8759,3.1
T8760,3.2
