scenario,T,value
S0,T0841,9.843301269405437
S0,T0842,9.938944486928436
S0,T0843,10.058098958445617
S0,T0844,9.992576156711987
S0,T0845,9.96914059794237
S0,T0846,12.187279141798568
S0,T0847,14.67989645541396
S0,T0848,16.57013670141504
S0,T0849,15.059439665193452
S0,T0850,12.420442761674785
S0,T0851,10.354064170386229
S0,T0852,10.297598395202922
S0,T0853,10.214559355060201
S0,T0854,10.120767040298972
S0,T0855,10.072986118666803
S0,T0856,10.113565570465369
S0,T0857,10.129059178082386
S0,T0858,10.05805021104302
S0,T0859,9.985930047930195
S0,T0860,9.831380539575893
S0,T0861,9.783376483681684
S0,T0862,9.64894222248512
S0,T0863,9.473540774556954
S0,T0864,9.366709033095239
S0,T0865,9.348483645932765
S0,T0866,9.428765043705356
S0,T0867,9.461469088628247
S0,T0868,9.580514744231602
S0,T0869,9.753612436102543
S0,T0870,9.893815712445889
S0,T0871,10.117088292263935
S0,T0872,10.284004812259875
S0,T0873,10.319002552270698
S0,T0874,10.304421765898946
S0,T0875,10.242706941829006
S0,T0876,10.195069630116341
S0,T0877,10.261593052098215
S0,T0878,10.114222449993912
S0,T0879,10.22329828437162
S0,T0880,12.995834889105113
S0,T0881,17.595356209149756
S0,T0882,17.8580181388934
S0,T0883,13.140544126041666
S0,T0884,14.49643931855046
S0,T0885,15.702104973039772
S0,T0886,15.598893648263662
S0,T0887,14.630570110944264
S0,T0888,14.678885921762717
S0,T0889,14.392091728846726
S0,T0890,13.279156726200624
S0,T0891,12.459680942328193
S0,T0892,12.48339965759808
S0,T0893,12.845681939747024
S0,T0894,16.91394025624391
S0,T0895,19.144472036888526
S0,T0896,21.33721361834957
S0,T0897,18.649964749013122
S0,T0898,17.06374190688041
S0,T0899,16.297043899385145
S0,T0900,15.944279052144209
S0,T0901,15.301913084857278
S0,T0902,14.69335649093006
S0,T0903,14.514503822565612
S0,T0904,15.985796166634877
S0,T0905,16.779006226508386
S0,T0906,16.56087488481331
S0,T0907,15.272071570395697
S0,T0908,9.905164645954411
S0,T0909,9.829562830578327
S0,T0910,9.669714503081034
S0,T0911,9.575094103181819
S0,T0912,9.373623069672618
S0,T0913,9.316480472924782
S0,T0914,9.246712431960903
S0,T0915,9.200692484147726
S0,T0916,9.188716521842531
S0,T0917,9.160246398754735
S0,T0918,9.150332172743505
S0,T0919,9.187014078085769
S0,T0920,9.251338638861606
S0,T0921,9.30680926759605
S0,T0922,9.333949463622835
S0,T0923,9.344910328564664
S0,T0924,9.335806152246349
S0,T0925,9.363300973739854
S0,T0926,9.428536762815206
S0,T0927,9.490673123664097
S0,T0928,9.61545664451231
S0,T0929,9.896932528409767
S0,T0930,13.958236125050055
S0,T0931,9.850107813630952
S0,T0932,9.282841771179653
S0,T0933,9.153197887792883
S0,T0934,9.0670407851921
S0,T0935,8.882885965113637
S0,T0936,9.025307309991883
S0,T0937,8.930708495161662
S0,T0938,8.804431250900299
S0,T0939,8.189165440533685
S0,T0940,7.771452391853355
S0,T0941,6.906043004621211
S0,T0942,6.716291872709686
S0,T0943,7.027161356227002
S0,T0944,7.644116987560876
S0,T0945,8.131136694272186
S0,T0946,8.322366293501082
S0,T0947,8.320260153279897
S0,T0948,8.307323284601596
S0,T0949,8.311123438063447
S0,T0950,7.917586380033143
S0,T0951,7.902968571534767
S0,T0952,8.316605085685877
S0,T0953,8.793615537790178
S0,T0954,8.8383810312987
S0,T0955,7.9339995578118225
S0,T0956,6.735958701593614
S0,T0957,6.534410014533279
S0,T0958,6.017257837050189
S0,T0959,5.647085903839962
S0,T0960,4.9409725144399355
S0,T0961,4.904802637568317
S0,T0962,4.947597169669913
S0,T0963,4.950047720181277
S0,T0964,5.47685046645901
S0,T0965,5.684864631433306
S0,T0966,8.158848188537608
S0,T0967,9.280944766835768
S0,T0968,10.415580018371887
S0,T0969,9.181839173394886
S0,T0970,9.009285488672889
S0,T0971,9.03296194653409
S0,T0972,8.840479270416665
S0,T0973,8.86519434193723
S0,T0974,8.92060869553842
S0,T0975,8.942480240572241
S0,T0976,9.107822640589827
S0,T0977,9.312224992537201
S0,T0978,9.352810240777869
S0,T0979,9.162522868012715
S0,T0980,9.123138650308443
S0,T0981,8.987782384648268
S0,T0982,8.71169344871618
S0,T0983,7.069208537275432
S0,T0984,8.593289881226326
S0,T0985,7.0126341843384745
S0,T0986,5.7294129455066285
S0,T0987,5.712088174981736
S0,T0988,5.706793091714691
S0,T0989,6.093474321812771
S0,T0990,9.06957054521645
S0,T0991,9.251777583021509
S0,T0992,9.397977331439394
S0,T0993,9.190981674413555
S0,T0994,9.108998002140828
S0,T0995,9.1028058041829
S0,T0996,9.065139504919507
S0,T0997,9.041548845930736
S0,T0998,9.11437441181074
S0,T0999,9.107410422366748
S0,T1000,9.321386642263935
S0,T1001,9.409118071375135
S0,T1002,9.437152061220914
S0,T1003,9.409729324648268
S0,T1004,9.152851883616748
S0,T1005,9.01056334733428
S0,T1006,8.864190765852948
S0,T1007,7.582272311260822
S0,T1008,8.626222481356196
S0,T3025,9.8546162929297
S0,T3026,10.075475889251939
S0,T3027,10.093860450504755
S0,T3028,10.00986048444646
S0,T3029,11.365454581617465
S0,T3030,12.214005080205782
S0,T3031,12.248531502149113
S0,T3032,11.187292397996623
S0,T3033,10.614606349485866
S0,T3034,10.361182867145986
S0,T3035,9.713066668303103
S0,T3036,9.559666107531275
S0,T3037,9.584021982795223
S0,T3038,9.811714862479986
S0,T3039,10.026944133864149
S0,T3040,10.568372796835126
S0,T3041,12.309225829582187
S0,T3042,17.765718693065423
S0,T3043,18.205851496997123
S0,T3044,14.34512393128534
S0,T3045,12.413522607234176
S0,T3046,11.768282906177761
S0,T3047,11.230272851023269
S0,T3048,10.409144823884791
S0,T3049,10.51346060174756
S0,T3050,10.429975350119465
S0,T3051,10.480573224277585
S0,T3052,10.919779905736805
S0,T3053,12.059140877952217
S0,T3054,13.011446436663123
S0,T3055,12.284832637127222
S0,T3056,11.28683332827308
S0,T3057,10.43726672655179
S0,T3058,10.013282797535027
S0,T3059,9.71674399803853
S0,T3060,9.216290285376534
S0,T3061,8.975463857556292
S0,T3062,9.289688863656494
S0,T3063,10.08162471196335
S0,T3064,10.889990892746436
S0,T3065,11.96751895660558
S0,T3066,14.45238102308669
S0,T3067,15.877628165429071
S0,T3068,13.15259120374531
S0,T3069,12.854420341380411
S0,T3070,11.715302239979984
S0,T3071,10.80892638460658
S0,T3072,10.833059515627346
S0,T3073,10.704027861149612
S0,T3074,10.895805762258485
S0,T3075,11.140460994834037
S0,T3076,11.104092408194203
S0,T3077,10.895176414220339
S0,T3078,11.000537234612954
S0,T3079,11.070146401984147
S0,T3080,10.778029153043102
S0,T3081,10.374002584017216
S0,T3082,10.379247219113823
S0,T3083,10.264970204416029
S0,T3084,9.859549967008919
S0,T3085,9.701548381406367
S0,T3086,9.22343215462596
S0,T3087,9.516933358900173
S0,T3088,11.059195689606144
S0,T3089,12.788775253731112
S0,T3090,15.227004441315334
S0,T3091,14.339925421190863
S0,T3092,12.954248760304063
S0,T3093,12.298790037624473
S0,T3094,11.100253718007803
S0,T3095,10.385666903553382
S0,T3096,10.045631618767032
S0,T3097,9.863519800888037
S0,T3098,9.602156912594749
S0,T3099,9.175357710075552
S0,T3100,9.117718402892619
S0,T3101,8.95974395237367
S0,T3102,8.448215659100818
S0,T3103,8.865609136909834
S0,T3104,8.746889847282016
S0,T3105,8.437817087322887
S0,T3106,8.40503073336884
S0,T3107,8.173773651620634
S0,T3108,6.902058020718355
S0,T3109,6.7566328957028725
S0,T3110,6.827163305353604
S0,T3111,6.719039297825737
S0,T3112,6.988339118628932
S0,T3113,8.077624192927917
S0,T3114,8.690048412337132
S0,T3115,8.779611129679218
S0,T3116,8.861935282555116
S0,T3117,8.7941721949325
S0,T3118,7.662739549788828
S0,T3119,6.669962688057964
S0,T3120,5.828324057205846
S0,T3121,5.363663902207085
S0,T3122,5.4079095671612585
S0,T3123,5.335076740391999
S0,T3124,6.242942236493064
S0,T3125,9.858582957150114
S0,T3126,10.780980588032575
S0,T3127,11.330046703475972
S0,T3128,10.723147362974982
S0,T3129,10.190633196627447
S0,T3130,9.912355681790315
S0,T3131,9.266114866790314
S0,T3132,8.640155284645777
S0,T3133,7.306897864282884
S0,T3134,7.124626540485509
S0,T3135,7.152069868578772
S0,T3136,8.516136197227521
S0,T3137,9.699960494171414
S0,T3138,10.749693241065149
S0,T3139,10.836760227061555
S0,T3140,11.278294147852986
S0,T3141,10.788170352511148
S0,T3142,10.22135842641194
S0,T3143,10.52828048921848
S0,T3144,9.918190077579267
S0,T3145,9.649421269544217
S0,T3146,9.38045661664231
S0,T3147,9.354415807541491
S0,T3148,9.94237655135435
S0,T3149,11.932056850839114
S0,T3150,13.700196996342582
S0,T3151,11.996845180019818
S0,T3152,11.22102167454174
S0,T3153,10.839535094394972
S0,T3154,10.554145062615186
S0,T3155,10.038987198454917
S0,T3156,9.563618708386178
S0,T3157,9.293873089588185
S0,T3158,9.306126504692841
S0,T3159,9.34507378944761
S0,T3160,10.47246402584407
S0,T3161,11.450721853050533
S0,T3162,12.121053557226901
S0,T3163,12.382735043008424
S0,T3164,11.872208632360664
S0,T3165,11.608054036063288
S0,T3166,11.179302195566017
S0,T3167,11.192261530421106
S0,T3168,10.80023031430456
S0,T3169,10.545333910714021
S0,T3170,10.635080464930024
S0,T3171,10.551852150128191
S0,T3172,11.510489520896705
S0,T3173,14.026294706391507
S0,T3174,17.034230847761332
S0,T3175,16.881536413204113
S0,T3176,14.989023873612211
S0,T3177,14.949396089058089
S0,T3178,14.512438456393982
S0,T3179,14.065364170640327
S0,T3180,13.579215619444515
S0,T3181,13.161626436604534
S0,T3182,13.164363456001363
S0,T3183,13.002303678916894
S0,T3184,14.731869616968666
S0,T3185,16.452310350949965
S0,T3186,16.66241009819916
S0,T3187,14.292571742022542
S0,T3188,13.48065235573322
S0,T3189,11.656333742387293
S0,T3190,10.466164498799232
S0,T3191,9.877577304298365
S0,T3192,9.693986107429405
S0,T5209,10.02111678426416
S0,T5210,10.117843534050605
S0,T5211,10.453596276187326
S0,T5212,11.37345368466748
S0,T5213,12.410308682663072
S0,T5214,14.162325349878135
S0,T5215,14.760151378946148
S0,T5216,14.719558331710191
S0,T5217,12.608921470156686
S0,T5218,12.047540780500814
S0,T5219,11.90691066428041
S0,T5220,12.562926119662258
S0,T5221,12.453877171193712
S0,T5222,12.26342763233229
S0,T5223,13.783462737505225
S0,T5224,15.398643236507661
S0,T5225,16.356840984728994
S0,T5226,18.450479908477835
S0,T5227,16.546133865150882
S0,T5228,14.95641402187384
S0,T5229,14.499566870170034
S0,T5230,13.479872417191274
S0,T5231,12.820997567893453
S0,T5232,12.05606258865541
S0,T5233,11.677877142712976
S0,T5234,11.346977378588093
S0,T5235,11.284709817522634
S0,T5236,12.06643230872737
S0,T5237,13.974262465194988
S0,T5238,15.509740084182337
S0,T5239,15.19427385920903
S0,T5240,14.955123867011958
S0,T5241,15.388521505250118
S0,T5242,15.096606255326718
S0,T5243,12.999317190611073
S0,T5244,12.796625155018571
S0,T5245,12.588940799300142
S0,T5246,12.888397082469824
S0,T5247,13.776634995121867
S0,T5248,14.907559693443595
S0,T5249,15.807533393335074
S0,T5250,16.97029045327356
S0,T5251,15.790266157371171
S0,T5252,15.142157614087745
S0,T5253,14.605033378040275
S0,T5254,13.179121532464602
S0,T5255,13.692901368829505
S0,T5256,12.466897136976556
S0,T5257,12.037164163199861
S0,T5258,11.705752362207523
S0,T5259,11.574066782447192
S0,T5260,11.709664868040274
S0,T5261,11.716913561174561
S0,T5262,12.389168972147749
S0,T5263,12.798124744032034
S0,T5264,13.16245141634169
S0,T5265,12.395381482823238
S0,T5266,11.90199970313835
S0,T5267,11.27937604738916
S0,T5268,10.995796658006036
S0,T5269,11.054709757482012
S0,T5270,11.736033256771705
S0,T5271,12.044029269347726
S0,T5272,13.236635616172821
S0,T5273,14.417779554002438
S0,T5274,14.771952928042598
S0,T5275,14.748143191349815
S0,T5276,14.712015303604343
S0,T5277,14.029648360052809
S0,T5278,12.521781994912374
S0,T5279,12.279007459885099
S0,T5280,11.935659056371867
S0,T5281,11.59294782562384
S0,T5282,10.969115133371055
S0,T5283,10.849983943773214
S0,T5284,10.859188653718665
S0,T5285,10.661342651224468
S0,T5286,10.722886044984913
S0,T5287,11.014808020658661
S0,T5288,11.048360389917017
S0,T5289,11.541909616183265
S0,T5290,11.27873650071669
S0,T5291,10.96951332911618
S0,T5292,10.819418691516947
S0,T5293,10.907445128563719
S0,T5294,11.100596258909588
S0,T5295,12.00635024408078
S0,T5296,12.534012930525767
S0,T5297,13.986175650350512
S0,T5298,14.818828675305246
S0,T5299,14.79931614935295
S0,T5300,14.68708937452066
S0,T5301,13.57842270733229
S0,T5302,10.9745802299263
S0,T5303,12.065457830300604
S0,T5304,11.71279231814357
S0,T5305,11.602417466819873
S0,T5306,10.989732510832175
S0,T5307,11.149282615937212
S0,T5308,11.45832222450151
S0,T5309,14.682779790399259
S0,T5310,15.888946485513582
S0,T5311,17.72329144303331
S0,T5312,16.98435175704852
S0,T5313,16.92302392943129
S0,T5314,16.913136659350627
S0,T5315,16.957699976595872
S0,T5316,17.24335152740657
S0,T5317,16.771714733907846
S0,T5318,15.869798973907267
S0,T5319,15.48597990896994
S0,T5320,15.2338601049942
S0,T5321,16.158916681349236
S0,T5322,17.47467417257138
S0,T5323,15.84094761242398
S0,T5324,15.011404356905757
S0,T5325,14.422691470777046
S0,T5326,12.010249315271007
S0,T5327,12.927285374053506
S0,T5328,12.548078962486073
S0,T5329,12.032665777397867
S0,T5330,11.729033544087164
S0,T5331,11.84379081262941
S0,T5332,12.27130313674269
S0,T5333,13.782258678236422
S0,T5334,15.380559192033427
S0,T5335,17.388347508908428
S0,T5336,17.143137647668873
S0,T5337,17.2660633097435
S0,T5338,17.233052244086583
S0,T5339,17.185038351265668
S0,T5340,16.14968282909761
S0,T5341,16.42169625079097
S0,T5342,16.433504273483635
S0,T5343,15.198663914843896
S0,T5344,16.281836194896123
S0,T5345,15.831563370831592
S0,T5346,15.875740607896358
S0,T5347,14.535664341969014
S0,T5348,14.254188763742457
S0,T5349,13.129355975906455
S0,T5350,11.45442683472319
S0,T5351,10.715451136475744
S0,T5352,10.486399558552693
S0,T5353,10.47063294734738
S0,T5354,10.665758994694755
S0,T5355,11.119080754041319
S0,T5356,12.135622407880689
S0,T5357,13.420046134554319
S0,T5358,17.682345768356548
S0,T5359,18.457833370558845
S0,T5360,18.712908602078112
S0,T5361,19.351271439739442
S0,T5362,19.294996314414462
S0,T5363,19.24110567586235
S0,T5364,18.585259306975978
S0,T5365,19.187395346218082
S0,T5366,18.015337781382314
S0,T5367,18.308578869297236
S0,T5368,17.96100918325267
S0,T5369,18.055296648663536
S0,T5370,18.282920272411214
S0,T5371,15.955293971067201
S0,T5372,14.89621286571321
S0,T5373,14.12755708364032
S0,T5374,12.33518886158078
S0,T5375,12.30363389568013
S0,T5376,11.811591863979807
S0,T7393,5.39277641100784
S0,T7394,5.286923437465857
S0,T7395,5.275893900081563
S0,T7396,5.318033372961558
S0,T7397,5.453957311237986
S0,T7398,5.662872296341047
S0,T7399,6.170475062253415
S0,T7400,6.0392502153079155
S0,T7401,5.953694755194739
S0,T7402,5.833675295317399
S0,T7403,5.722685479510622
S0,T7404,5.663262653896054
S0,T7405,5.832220275251644
S0,T7406,5.676817888606474
S0,T7407,5.855919363000126
S0,T7408,6.222168565271244
S0,T7409,8.580361466028705
S0,T7410,6.548244256788062
S0,T7411,6.064295221595219
S0,T7412,5.8353087948741775
S0,T7413,5.609480506449165
S0,T7414,5.438624527379869
S0,T7415,5.2830213641097625
S0,T7416,5.275084146254426
S0,T7417,5.264282738796788
S0,T7418,5.266577715292741
S0,T7419,5.326866260252908
S0,T7420,5.424687457025164
S0,T7421,5.7322359133440814
S0,T7422,7.605584134970916
S0,T7423,17.16013344631449
S0,T7424,17.850929998665908
S0,T7425,17.24744601092501
S0,T7426,16.592206426791222
S0,T7427,16.40407098161798
S0,T7428,15.091623703865075
S0,T7429,14.841101442412114
S0,T7430,15.023654677307789
S0,T7431,16.2077471420062
S0,T7432,17.06998335599393
S0,T7433,18.786964399264036
S0,T7434,18.343132911120385
S0,T7435,17.306651004334217
S0,T7436,15.481343170971803
S0,T7437,14.302822267060572
S0,T7438,14.48839198971611
S0,T7439,13.597043800452076
S0,T7440,13.988838960273773
S0,T7441,12.96151572346864
S0,T7442,11.817228898632399
S0,T7443,9.432829465085357
S0,T7444,11.614982832295777
S0,T7445,12.195099494022509
S0,T7446,12.781087038774658
S0,T7447,12.907271820734067
S0,T7448,13.859013688019727
S0,T7449,13.860427317480399
S0,T7450,13.411199028528074
S0,T7451,13.17175730030033
S0,T7452,13.449073767713708
S0,T7453,13.289419321889227
S0,T7454,13.782954060713102
S0,T7455,15.662253061186162
S0,T7456,17.248088439119638
S0,T7457,18.614462090523496
S0,T7458,17.815004975443056
S0,T7459,17.26892397593782
S0,T7460,16.24605379718016
S0,T7461,15.207055974067288
S0,T7462,14.922449117913688
S0,T7463,14.322945938568056
S0,T7464,14.37034287840143
S0,T7465,13.335215212747064
S0,T7466,13.165725187699822
S0,T7467,13.189036032449568
S0,T7468,13.345856802561288
S0,T7469,12.429465506668796
S0,T7470,15.466782987763663
S0,T7471,23.585177461329163
S0,T7472,25.064875043940248
S0,T7473,25.087194278002425
S0,T7474,25.029440420304525
S0,T7475,25.036706056585164
S0,T7476,25.018367565683096
S0,T7477,25.0172364615143
S0,T7478,13.986244558869384
S0,T7479,15.639487529233275
S0,T7480,16.765992659823162
S0,T7481,18.265435002835165
S0,T7482,18.04395638010598
S0,T7483,17.144593107665987
S0,T7484,16.481662370134067
S0,T7485,15.507378764964889
S0,T7486,15.158365820106615
S0,T7487,14.390850528312692
S0,T7488,13.517877970507534
S0,T7489,11.023588547545966
S0,T7490,10.208687117522343
S0,T7491,11.590178635047245
S0,T7492,13.141978409699949
S0,T7493,12.653698039701865
S0,T7494,18.010917068716168
S0,T7495,20.665814752088867
S0,T7496,22.42864599047753
S0,T7497,17.77299166964249
S0,T7498,17.541476534432455
S0,T7499,17.524647396336825
S0,T7500,17.50982018700779
S0,T7501,22.130474133665093
S0,T7502,22.093556570311545
S0,T7503,22.188091534417136
S0,T7504,24.915587183130746
S0,T7505,43.312493535978675
S0,T7506,26.19275838144216
S0,T7507,19.97351375136236
S0,T7508,17.562409761451097
S0,T7509,16.651696786604315
S0,T7510,16.00998403453907
S0,T7511,14.552026258395047
S0,T7512,13.634829404754214
S0,T7513,13.634433574357125
S0,T7514,13.4372136660738
S0,T7515,13.231181848929392
S0,T7516,13.516560439132405
S0,T7517,14.515010030195354
S0,T7518,17.523230080863765
S0,T7519,23.334285432517877
S0,T7520,33.502166858455695
S0,T7521,22.999803049361596
S0,T7522,22.566933191152323
S0,T7523,22.971625368785112
S0,T7524,23.127363446268514
S0,T7525,24.421371654394154
S0,T7526,23.645262214390325
S0,T7527,24.1607878021642
S0,T7528,26.081402715769283
S0,T7529,50.326746017636616
S0,T7530,24.694890588335674
S0,T7531,21.692299497654496
S0,T7532,18.182017425937822
S0,T7533,16.771294894553755
S0,T7534,16.18487735618999
S0,T7535,14.695201562348698
S0,T7536,15.433884730130874
S0,T7537,14.882607217230593
S0,T7538,13.962856636008045
S0,T7539,13.901831977185266
S0,T7540,13.829176967678116
S0,T7541,14.411222932414455
S0,T7542,17.241903345792903
S0,T7543,21.656927970222167
S0,T7544,21.854345975647984
S0,T7545,19.716840110283453
S0,T7546,19.519278734028987
S0,T7547,20.043962366246813
S0,T7548,21.213262710604575
S0,T7549,21.771413890644794
S0,T7550,21.776796610402837
S0,T7551,21.975783131231488
S0,T7552,23.17025400235891
S0,T7553,28.26291488648877
S0,T7554,22.129823918204803
S0,T7555,20.245015980427734
S0,T7556,16.790827081832866
S0,T7557,14.863656514325205
S0,T7558,14.6729195924202
S0,T7559,13.886852025797369
S0,T7560,6.77187004351379
S1,T0841,9.843301269405437
S1,T0842,9.938944486928436
S1,T0843,10.058098958445617
S1,T0844,9.992576156711987
S1,T0845,9.96914059794237
S1,T0846,12.187279141798568
S1,T0847,14.67989645541396
S1,T0848,16.57013670141504
S1,T0849,15.059439665193452
S1,T0850,12.420442761674785
S1,T0851,10.354064170386229
S1,T0852,10.297598395202922
S1,T0853,10.214559355060201
S1,T0854,10.120767040298972
S1,T0855,10.072986118666803
S1,T0856,10.113565570465369
S1,T0857,10.129059178082386
S1,T0858,10.05805021104302
S1,T0859,9.985930047930195
S1,T0860,9.831380539575893
S1,T0861,9.783376483681684
S1,T0862,9.64894222248512
S1,T0863,9.473540774556954
S1,T0864,9.366709033095239
S1,T0865,9.348483645932765
S1,T0866,9.428765043705356
S1,T0867,9.461469088628247
S1,T0868,9.580514744231602
S1,T0869,9.753612436102543
S1,T0870,9.893815712445889
S1,T0871,10.117088292263935
S1,T0872,10.284004812259875
S1,T0873,10.319002552270698
S1,T0874,10.304421765898946
S1,T0875,10.242706941829006
S1,T0876,10.195069630116341
S1,T0877,10.261593052098215
S1,T0878,10.114222449993912
S1,T0879,10.22329828437162
S1,T0880,12.995834889105113
S1,T0881,17.595356209149756
S1,T0882,17.8580181388934
S1,T0883,13.140544126041666
S1,T0884,14.49643931855046
S1,T0885,15.702104973039772
S1,T0886,15.598893648263662
S1,T0887,14.630570110944264
S1,T0888,14.678885921762717
S1,T0889,14.392091728846726
S1,T0890,13.279156726200624
S1,T0891,12.459680942328193
S1,T0892,12.48339965759808
S1,T0893,12.845681939747024
S1,T0894,16.91394025624391
S1,T0895,19.144472036888526
S1,T0896,21.33721361834957
S1,T0897,18.649964749013122
S1,T0898,17.06374190688041
S1,T0899,16.297043899385145
S1,T0900,15.944279052144209
S1,T0901,15.301913084857278
S1,T0902,14.69335649093006
S1,T0903,14.514503822565612
S1,T0904,15.985796166634877
S1,T0905,16.779006226508386
S1,T0906,16.56087488481331
S1,T0907,15.272071570395697
S1,T0908,9.905164645954411
S1,T0909,9.829562830578327
S1,T0910,9.669714503081034
S1,T0911,9.575094103181819
S1,T0912,9.373623069672618
S1,T0913,9.316480472924782
S1,T0914,9.246712431960903
S1,T0915,9.200692484147726
S1,T0916,9.188716521842531
S1,T0917,9.160246398754735
S1,T0918,9.150332172743505
S1,T0919,9.187014078085769
S1,T0920,9.251338638861606
S1,T0921,9.30680926759605
S1,T0922,9.333949463622835
S1,T0923,9.344910328564664
S1,T0924,9.335806152246349
S1,T0925,9.363300973739854
S1,T0926,9.428536762815206
S1,T0927,9.490673123664097
S1,T0928,9.61545664451231
S1,T0929,9.896932528409767
S1,T0930,13.958236125050055
S1,T0931,9.850107813630952
S1,T0932,9.282841771179653
S1,T0933,9.153197887792883
S1,T0934,9.0670407851921
S1,T0935,8.882885965113637
S1,T0936,9.025307309991883
S1,T0937,8.930708495161662
S1,T0938,8.804431250900299
S1,T0939,8.189165440533685
S1,T0940,7.771452391853355
S1,T0941,6.906043004621211
S1,T0942,6.716291872709686
S1,T0943,7.027161356227002
S1,T0944,7.644116987560876
S1,T0945,8.131136694272186
S1,T0946,8.322366293501082
S1,T0947,8.320260153279897
S1,T0948,8.307323284601596
S1,T0949,8.311123438063447
S1,T0950,7.917586380033143
S1,T0951,7.902968571534767
S1,T0952,8.316605085685877
S1,T0953,8.793615537790178
S1,T0954,8.8383810312987
S1,T0955,7.9339995578118225
S1,T0956,6.735958701593614
S1,T0957,6.534410014533279
S1,T0958,6.017257837050189
S1,T0959,5.647085903839962
S1,T0960,4.9409725144399355
S1,T0961,4.904802637568317
S1,T0962,4.947597169669913
S1,T0963,4.950047720181277
S1,T0964,5.47685046645901
S1,T0965,5.684864631433306
S1,T0966,8.158848188537608
S1,T0967,9.280944766835768
S1,T0968,10.415580018371887
S1,T0969,9.181839173394886
S1,T0970,9.009285488672889
S1,T0971,9.03296194653409
S1,T0972,8.840479270416665
S1,T0973,8.86519434193723
S1,T0974,8.92060869553842
S1,T0975,8.942480240572241
S1,T0976,9.107822640589827
S1,T0977,9.312224992537201
S1,T0978,9.352810240777869
S1,T0979,9.162522868012715
S1,T0980,9.123138650308443
S1,T0981,8.987782384648268
S1,T0982,8.71169344871618
S1,T0983,7.069208537275432
S1,T0984,8.593289881226326
S1,T0985,7.0126341843384745
S1,T0986,5.7294129455066285
S1,T0987,5.712088174981736
S1,T0988,5.706793091714691
S1,T0989,6.093474321812771
S1,T0990,9.06957054521645
S1,T0991,9.251777583021509
S1,T0992,9.397977331439394
S1,T0993,9.190981674413555
S1,T0994,9.108998002140828
S1,T0995,9.1028058041829
S1,T0996,9.065139504919507
S1,T0997,9.041548845930736
S1,T0998,9.11437441181074
S1,T0999,9.107410422366748
S1,T1000,9.321386642263935
S1,T1001,9.409118071375135
S1,T1002,9.437152061220914
S1,T1003,9.409729324648268
S1,T1004,9.152851883616748
S1,T1005,9.01056334733428
S1,T1006,8.864190765852948
S1,T1007,7.582272311260822
S1,T1008,8.626222481356196
S1,T3025,9.8546162929297
S1,T3026,10.075475889251939
S1,T3027,10.093860450504755
S1,T3028,10.00986048444646
S1,T3029,11.365454581617465
S1,T3030,12.214005080205782
S1,T3031,12.248531502149113
S1,T3032,11.187292397996623
S1,T3033,10.614606349485866
S1,T3034,10.361182867145986
S1,T3035,9.713066668303103
S1,T3036,9.559666107531275
S1,T3037,9.584021982795223
S1,T3038,9.811714862479986
S1,T3039,10.026944133864149
S1,T3040,10.568372796835126
S1,T3041,12.309225829582187
S1,T3042,17.765718693065423
S1,T3043,18.205851496997123
S1,T3044,14.34512393128534
S1,T3045,12.413522607234176
S1,T3046,11.768282906177761
S1,T3047,11.230272851023269
S1,T3048,10.409144823884791
S1,T3049,10.51346060174756
S1,T3050,10.429975350119465
S1,T3051,10.480573224277585
S1,T3052,10.919779905736805
S1,T3053,12.059140877952217
S1,T3054,13.011446436663123
S1,T3055,12.284832637127222
S1,T3056,11.28683332827308
S1,T3057,10.43726672655179
S1,T3058,10.013282797535027
S1,T3059,9.71674399803853
S1,T3060,9.216290285376534
S1,T3061,8.975463857556292
S1,T3062,9.289688863656494
S1,T3063,10.08162471196335
S1,T3064,10.889990892746436
S1,T3065,11.96751895660558
S1,T3066,14.45238102308669
S1,T3067,15.877628165429071
S1,T3068,13.15259120374531
S1,T3069,12.854420341380411
S1,T3070,11.715302239979984
S1,T3071,10.80892638460658
S1,T3072,10.833059515627346
S1,T3073,10.704027861149612
S1,T3074,10.895805762258485
S1,T3075,11.140460994834037
S1,T3076,11.104092408194203
S1,T3077,10.895176414220339
S1,T3078,11.000537234612954
S1,T3079,11.070146401984147
S1,T3080,10.778029153043102
S1,T3081,10.374002584017216
S1,T3082,10.379247219113823
S1,T3083,10.264970204416029
S1,T3084,9.859549967008919
S1,T3085,9.701548381406367
S1,T3086,9.22343215462596
S1,T3087,9.516933358900173
S1,T3088,11.059195689606144
S1,T3089,12.788775253731112
S1,T3090,15.227004441315334
S1,T3091,14.339925421190863
S1,T3092,12.954248760304063
S1,T3093,12.298790037624473
S1,T3094,11.100253718007803
S1,T3095,10.385666903553382
S1,T3096,10.045631618767032
S1,T3097,9.863519800888037
S1,T3098,9.602156912594749
S1,T3099,9.175357710075552
S1,T3100,9.117718402892619
S1,T3101,8.95974395237367
S1,T3102,8.448215659100818
S1,T3103,8.865609136909834
S1,T3104,8.746889847282016
S1,T3105,8.437817087322887
S1,T3106,8.40503073336884
S1,T3107,8.173773651620634
S1,T3108,6.902058020718355
S1,T3109,6.7566328957028725
S1,T3110,6.827163305353604
S1,T3111,6.719039297825737
S1,T3112,6.988339118628932
S1,T3113,8.077624192927917
S1,T3114,8.690048412337132
S1,T3115,8.779611129679218
S1,T3116,8.861935282555116
S1,T3117,8.7941721949325
S1,T3118,7.662739549788828
S1,T3119,6.669962688057964
S1,T3120,5.828324057205846
S1,T3121,5.363663902207085
S1,T3122,5.4079095671612585
S1,T3123,5.335076740391999
S1,T3124,6.242942236493064
S1,T3125,9.858582957150114
S1,T3126,10.780980588032575
S1,T3127,11.330046703475972
S1,T3128,10.723147362974982
S1,T3129,10.190633196627447
S1,T3130,9.912355681790315
S1,T3131,9.266114866790314
S1,T3132,8.640155284645777
S1,T3133,7.306897864282884
S1,T3134,7.124626540485509
S1,T3135,7.152069868578772
S1,T3136,8.516136197227521
S1,T3137,9.699960494171414
S1,T3138,10.749693241065149
S1,T3139,10.836760227061555
S1,T3140,11.278294147852986
S1,T3141,10.788170352511148
S1,T3142,10.22135842641194
S1,T3143,10.52828048921848
S1,T3144,9.918190077579267
S1,T3145,9.649421269544217
S1,T3146,9.38045661664231
S1,T3147,9.354415807541491
S1,T3148,9.94237655135435
S1,T3149,11.932056850839114
S1,T3150,13.700196996342582
S1,T3151,11.996845180019818
S1,T3152,11.22102167454174
S1,T3153,10.839535094394972
S1,T3154,10.554145062615186
S1,T3155,10.038987198454917
S1,T3156,9.563618708386178
S1,T3157,9.293873089588185
S1,T3158,9.306126504692841
S1,T3159,9.34507378944761
S1,T3160,10.47246402584407
S1,T3161,11.450721853050533
S1,T3162,12.121053557226901
S1,T3163,12.382735043008424
S1,T3164,11.872208632360664
S1,T3165,11.608054036063288
S1,T3166,11.179302195566017
S1,T3167,11.192261530421106
S1,T3168,10.80023031430456
S1,T3169,10.545333910714021
S1,T3170,10.635080464930024
S1,T3171,10.551852150128191
S1,T3172,11.510489520896705
S1,T3173,14.026294706391507
S1,T3174,17.034230847761332
S1,T3175,16.881536413204113
S1,T3176,14.989023873612211
S1,T3177,14.949396089058089
S1,T3178,14.512438456393982
S1,T3179,14.065364170640327
S1,T3180,13.579215619444515
S1,T3181,13.161626436604534
S1,T3182,13.164363456001363
S1,T3183,13.002303678916894
S1,T3184,14.731869616968666
S1,T3185,16.452310350949965
S1,T3186,16.66241009819916
S1,T3187,14.292571742022542
S1,T3188,13.48065235573322
S1,T3189,11.656333742387293
S1,T3190,10.466164498799232
S1,T3191,9.877577304298365
S1,T3192,9.693986107429405
S1,T5209,10.02111678426416
S1,T5210,10.117843534050605
S1,T5211,10.453596276187326
S1,T5212,11.37345368466748
S1,T5213,12.410308682663072
S1,T5214,14.162325349878135
S1,T5215,14.760151378946148
S1,T5216,14.719558331710191
S1,T5217,12.608921470156686
S1,T5218,12.047540780500814
S1,T5219,11.90691066428041
S1,T5220,12.562926119662258
S1,T5221,12.453877171193712
S1,T5222,12.26342763233229
S1,T5223,13.783462737505225
S1,T5224,15.398643236507661
S1,T5225,16.356840984728994
S1,T5226,18.450479908477835
S1,T5227,16.546133865150882
S1,T5228,14.95641402187384
S1,T5229,14.499566870170034
S1,T5230,13.479872417191274
S1,T5231,12.820997567893453
S1,T5232,12.05606258865541
S1,T5233,11.677877142712976
S1,T5234,11.346977378588093
S1,T5235,11.284709817522634
S1,T5236,12.06643230872737
S1,T5237,13.974262465194988
S1,T5238,15.509740084182337
S1,T5239,15.19427385920903
S1,T5240,14.955123867011958
S1,T5241,15.388521505250118
S1,T5242,15.096606255326718
S1,T5243,12.999317190611073
S1,T5244,12.796625155018571
S1,T5245,12.588940799300142
S1,T5246,12.888397082469824
S1,T5247,13.776634995121867
S1,T5248,14.907559693443595
S1,T5249,15.807533393335074
S1,T5250,16.97029045327356
S1,T5251,15.790266157371171
S1,T5252,15.142157614087745
S1,T5253,14.605033378040275
S1,T5254,13.179121532464602
S1,T5255,13.692901368829505
S1,T5256,12.466897136976556
S1,T5257,12.037164163199861
S1,T5258,11.705752362207523
S1,T5259,11.574066782447192
S1,T5260,11.709664868040274
S1,T5261,11.716913561174561
S1,T5262,12.389168972147749
S1,T5263,12.798124744032034
S1,T5264,13.16245141634169
S1,T5265,12.395381482823238
S1,T5266,11.90199970313835
S1,T5267,11.27937604738916
S1,T5268,10.995796658006036
S1,T5269,11.054709757482012
S1,T5270,11.736033256771705
S1,T5271,12.044029269347726
S1,T5272,13.236635616172821
S1,T5273,14.417779554002438
S1,T5274,14.771952928042598
S1,T5275,14.748143191349815
S1,T5276,14.712015303604343
S1,T5277,14.029648360052809
S1,T5278,12.521781994912374
S1,T5279,12.279007459885099
S1,T5280,11.935659056371867
S1,T5281,11.59294782562384
S1,T5282,10.969115133371055
S1,T5283,10.849983943773214
S1,T5284,10.859188653718665
S1,T5285,10.661342651224468
S1,T5286,10.722886044984913
S1,T5287,11.014808020658661
S1,T5288,11.048360389917017
S1,T5289,11.541909616183265
S1,T5290,11.27873650071669
S1,T5291,10.96951332911618
S1,T5292,10.819418691516947
S1,T5293,10.907445128563719
S1,T5294,11.100596258909588
S1,T5295,12.00635024408078
S1,T5296,12.534012930525767
S1,T5297,13.986175650350512
S1,T5298,14.818828675305246
S1,T5299,14.79931614935295
S1,T5300,14.68708937452066
S1,T5301,13.57842270733229
S1,T5302,10.9745802299263
S1,T5303,12.065457830300604
S1,T5304,11.71279231814357
S1,T5305,11.602417466819873
S1,T5306,10.989732510832175
S1,T5307,11.149282615937212
S1,T5308,11.45832222450151
S1,T5309,14.682779790399259
S1,T5310,15.888946485513582
S1,T5311,17.72329144303331
S1,T5312,16.98435175704852
S1,T5313,16.92302392943129
S1,T5314,16.913136659350627
S1,T5315,16.957699976595872
S1,T5316,17.24335152740657
S1,T5317,16.771714733907846
S1,T5318,15.869798973907267
S1,T5319,15.48597990896994
S1,T5320,15.2338601049942
S1,T5321,16.158916681349236
S1,T5322,17.47467417257138
S1,T5323,15.84094761242398
S1,T5324,15.011404356905757
S1,T5325,14.422691470777046
S1,T5326,12.010249315271007
S1,T5327,12.927285374053506
S1,T5328,12.548078962486073
S1,T5329,12.032665777397867
S1,T5330,11.729033544087164
S1,T5331,11.84379081262941
S1,T5332,12.27130313674269
S1,T5333,13.782258678236422
S1,T5334,15.380559192033427
S1,T5335,17.388347508908428
S1,T5336,17.143137647668873
S1,T5337,17.2660633097435
S1,T5338,17.233052244086583
S1,T5339,17.185038351265668
S1,T5340,16.14968282909761
S1,T5341,16.42169625079097
S1,T5342,16.433504273483635
S1,T5343,15.198663914843896
S1,T5344,16.281836194896123
S1,T5345,15.831563370831592
S1,T5346,15.875740607896358
S1,T5347,14.535664341969014
S1,T5348,14.254188763742457
S1,T5349,13.129355975906455
S1,T5350,11.45442683472319
S1,T5351,10.715451136475744
S1,T5352,10.486399558552693
S1,T5353,10.47063294734738
S1,T5354,10.665758994694755
S1,T5355,11.119080754041319
S1,T5356,12.135622407880689
S1,T5357,13.420046134554319
S1,T5358,17.682345768356548
S1,T5359,18.457833370558845
S1,T5360,18.712908602078112
S1,T5361,19.351271439739442
S1,T5362,19.294996314414462
S1,T5363,19.24110567586235
S1,T5364,18.585259306975978
S1,T5365,19.187395346218082
S1,T5366,18.015337781382314
S1,T5367,18.308578869297236
S1,T5368,17.96100918325267
S1,T5369,18.055296648663536
S1,T5370,18.282920272411214
S1,T5371,15.955293971067201
S1,T5372,14.89621286571321
S1,T5373,14.12755708364032
S1,T5374,12.33518886158078
S1,T5375,12.30363389568013
S1,T5376,11.811591863979807
S1,T7393,5.39277641100784
S1,T7394,5.286923437465857
S1,T7395,5.275893900081563
S1,T7396,5.318033372961558
S1,T7397,5.453957311237986
S1,T7398,5.662872296341047
S1,T7399,6.170475062253415
S1,T7400,6.0392502153079155
S1,T7401,5.953694755194739
S1,T7402,5.833675295317399
S1,T7403,5.722685479510622
S1,T7404,5.663262653896054
S1,T7405,5.832220275251644
S1,T7406,5.676817888606474
S1,T7407,5.855919363000126
S1,T7408,6.222168565271244
S1,T7409,8.580361466028705
S1,T7410,6.548244256788062
S1,T7411,6.064295221595219
S1,T7412,5.8353087948741775
S1,T7413,5.609480506449165
S1,T7414,5.438624527379869
S1,T7415,5.2830213641097625
S1,T7416,5.275084146254426
S1,T7417,5.264282738796788
S1,T7418,5.266577715292741
S1,T7419,5.326866260252908
S1,T7420,5.424687457025164
S1,T7421,5.7322359133440814
S1,T7422,7.605584134970916
S1,T7423,17.16013344631449
S1,T7424,17.850929998665908
S1,T7425,17.24744601092501
S1,T7426,16.592206426791222
S1,T7427,16.40407098161798
S1,T7428,15.091623703865075
S1,T7429,14.841101442412114
S1,T7430,15.023654677307789
S1,T7431,16.2077471420062
S1,T7432,17.06998335599393
S1,T7433,18.786964399264036
S1,T7434,18.343132911120385
S1,T7435,17.306651004334217
S1,T7436,15.481343170971803
S1,T7437,14.302822267060572
S1,T7438,14.48839198971611
S1,T7439,13.597043800452076
S1,T7440,13.988838960273773
S1,T7441,12.96151572346864
S1,T7442,11.817228898632399
S1,T7443,9.432829465085357
S1,T7444,11.614982832295777
S1,T7445,12.195099494022509
S1,T7446,12.781087038774658
S1,T7447,12.907271820734067
S1,T7448,13.859013688019727
S1,T7449,13.860427317480399
S1,T7450,13.411199028528074
S1,T7451,13.17175730030033
S1,T7452,13.449073767713708
S1,T7453,13.289419321889227
S1,T7454,13.782954060713102
S1,T7455,15.662253061186162
S1,T7456,17.248088439119638
S1,T7457,18.614462090523496
S1,T7458,17.815004975443056
S1,T7459,17.26892397593782
S1,T7460,16.24605379718016
S1,T7461,15.207055974067288
S1,T7462,14.922449117913688
S1,T7463,14.322945938568056
S1,T7464,14.37034287840143
S1,T7465,13.335215212747064
S1,T7466,13.165725187699822
S1,T7467,13.189036032449568
S1,T7468,13.345856802561288
S1,T7469,12.429465506668796
S1,T7470,15.466782987763663
S1,T7471,23.585177461329163
S1,T7472,25.064875043940248
S1,T7473,25.087194278002425
S1,T7474,25.029440420304525
S1,T7475,25.036706056585164
S1,T7476,25.018367565683096
S1,T7477,25.0172364615143
S1,T7478,13.986244558869384
S1,T7479,15.639487529233275
S1,T7480,16.765992659823162
S1,T7481,18.265435002835165
S1,T7482,18.04395638010598
S1,T7483,17.144593107665987
S1,T7484,16.481662370134067
S1,T7485,15.507378764964889
S1,T7486,15.158365820106615
S1,T7487,14.390850528312692
S1,T7488,13.517877970507534
S1,T7489,11.023588547545966
S1,T7490,10.208687117522343
S1,T7491,11.590178635047245
S1,T7492,13.141978409699949
S1,T7493,12.653698039701865
S1,T7494,18.010917068716168
S1,T7495,20.665814752088867
S1,T7496,22.42864599047753
S1,T7497,17.77299166964249
S1,T7498,17.541476534432455
S1,T7499,17.524647396336825
S1,T7500,17.50982018700779
S1,T7501,22.130474133665093
S1,T7502,22.093556570311545
S1,T7503,22.188091534417136
S1,T7504,24.915587183130746
S1,T7505,43.312493535978675
S1,T7506,26.19275838144216
S1,T7507,19.97351375136236
S1,T7508,17.562409761451097
S1,T7509,16.651696786604315
S1,T7510,16.00998403453907
S1,T7511,14.552026258395047
S1,T7512,13.634829404754214
S1,T7513,13.634433574357125
S1,T7514,13.4372136660738
S1,T7515,13.231181848929392
S1,T7516,13.516560439132405
S1,T7517,14.515010030195354
S1,T7518,17.523230080863765
S1,T7519,23.334285432517877
S1,T7520,33.502166858455695
S1,T7521,22.999803049361596
S1,T7522,22.566933191152323
S1,T7523,22.971625368785112
S1,T7524,23.127363446268514
S1,T7525,24.421371654394154
S1,T7526,23.645262214390325
S1,T7527,24.1607878021642
S1,T7528,26.081402715769283
S1,T7529,50.326746017636616
S1,T7530,24.694890588335674
S1,T7531,21.692299497654496
S1,T7532,18.182017425937822
S1,T7533,16.771294894553755
S1,T7534,16.18487735618999
S1,T7535,14.695201562348698
S1,T7536,15.433884730130874
S1,T7537,14.882607217230593
S1,T7538,13.962856636008045
S1,T7539,13.901831977185266
S1,T7540,13.829176967678116
S1,T7541,14.411222932414455
S1,T7542,17.241903345792903
S1,T7543,21.656927970222167
S1,T7544,21.854345975647984
S1,T7545,19.716840110283453
S1,T7546,19.519278734028987
S1,T7547,20.043962366246813
S1,T7548,21.213262710604575
S1,T7549,21.771413890644794
S1,T7550,21.776796610402837
S1,T7551,21.975783131231488
S1,T7552,23.17025400235891
S1,T7553,28.26291488648877
S1,T7554,22.129823918204803
S1,T7555,20.245015980427734
S1,T7556,16.790827081832866
S1,T7557,14.863656514325205
S1,T7558,14.6729195924202
S1,T7559,13.886852025797369
S1,T7560,6.77187004351379
S2,T0841,8.897273554153617
S2,T0842,8.981754255899906
S2,T0843,9.087002214204519
S2,T0844,9.029126575824735
S2,T0845,9.008426180104594
S2,T0846,10.967685870530648
S2,T0847,13.1693899253795
S2,T0848,14.83902031409838
S2,T0849,13.50463666357607
S2,T0850,11.173636974424776
S2,T0851,9.348425339071888
S2,T0852,9.298549682065818
S2,T0853,9.225202124703392
S2,T0854,9.142356306937671
S2,T0855,9.100151894600755
S2,T0856,9.135995320336596
S2,T0857,9.149680669679352
S2,T0858,9.086959156109167
S2,T0859,9.023256134111156
S2,T0860,8.886744092186431
S2,T0861,8.844342587577536
S2,T0862,8.725598143185557
S2,T0863,8.570667790651951
S2,T0864,8.476304377111484
S2,T0865,8.460206074095764
S2,T0866,8.531117833409702
S2,T0867,8.5600049906654
S2,T0868,8.66515683295678
S2,T0869,8.81805230070287
S2,T0870,8.941892458733589
S2,T0871,9.13910690542655
S2,T0872,9.286542605599589
S2,T0873,9.317455760888802
S2,T0874,9.304576697463293
S2,T0875,9.250064607838919
S2,T0876,9.20798704471402
S2,T0877,9.26674652099619
S2,T0878,9.1365755354838
S2,T0879,9.232921133953182
S2,T0880,11.681875111571461
S2,T0881,15.744586497467171
S2,T0882,15.976593164761079
S2,T0883,11.809695339729616
S2,T0884,13.007344063017472
S2,T0885,14.072296531164655
S2,T0886,13.981130995635143
S2,T0887,13.125820456437522
S2,T0888,13.168497331066947
S2,T0889,12.91517487599085
S2,T0890,11.932130469324568
S2,T0891,11.208295668712747
S2,T0892,11.229246173750271
S2,T0893,11.549246506432826
S2,T0894,15.142698570926441
S2,T0895,17.11290508401184
S2,T0896,19.049731890424443
S2,T0897,16.676111720297133
S2,T0898,15.275016877402074
S2,T0899,14.597800161171191
S2,T0900,14.28620648398054
S2,T0901,13.718811020927616
S2,T0902,13.181279040733202
S2,T0903,13.023300259551029
S2,T0904,14.322878137836279
S2,T0905,15.02351268596005
S2,T0906,14.83083944371129
S2,T0907,13.692452308327006
S2,T0908,8.951916858703628
S2,T0909,8.885138527927282
S2,T0910,8.743946091812356
S2,T0911,8.660368834689256
S2,T0912,8.482411476779227
S2,T0913,8.431937990024124
S2,T0914,8.370312574100877
S2,T0915,8.329663612404772
S2,T0916,8.319085364141776
S2,T0917,8.293937987887082
S2,T0918,8.285180850764437
S2,T0919,8.317581612522165
S2,T0920,8.37439885659447
S2,T0921,8.423395510650641
S2,T0922,8.44736817557404
S2,T0923,8.457049798443006
S2,T0924,8.44900817014868
S2,T0925,8.47329407221593
S2,T0926,8.530916195172358
S2,T0927,8.58580062403646
S2,T0928,8.696020665568364
S2,T0929,8.944645511241252
S2,T0930,12.53195454093166
S2,T0931,8.903285706897227
S2,T0932,8.402225259703448
S2,T0933,8.287712108334459
S2,T0934,8.211610397448467
S2,T0935,8.048948278449291
S2,T0936,8.174747634332224
S2,T0937,8.091189443085652
S2,T0938,7.979650010535484
S2,T0939,7.436191846261875
S2,T0940,7.06723006941021
S2,T0941,6.30282257429832
S2,T0942,6.135217288777854
S2,T0943,6.409805208331417
S2,T0944,6.954755974640351
S2,T0945,7.384935632464488
S2,T0946,7.553846833445719
S2,T0947,7.551986500758573
S2,T0948,7.540559493463678
S2,T0949,7.543916131179506
S2,T0950,7.196308766155682
S2,T0951,7.183397001454346
S2,T0952,7.5487580159452214
S2,T0953,7.970096598834234
S2,T0954,8.009637513533276
S2,T0955,7.210806362666339
S2,T0956,6.152588802914117
S2,T0957,5.9745628543955425
S2,T0958,5.517767485158964
S2,T0959,5.190798302248943
S2,T0960,4.5670953759581145
S2,T0961,4.535146883850387
S2,T0962,4.572946867962983
S2,T0963,4.57511141483025
S2,T0964,5.040431035395223
S2,T0965,5.224167876180311
S2,T0966,7.409412919433825
S2,T0967,8.400549654654416
S2,T0968,9.402761675102166
S2,T0969,8.313010670733734
S2,T0970,8.160595719085785
S2,T0971,8.181508898574961
S2,T0972,8.011490867254617
S2,T0973,8.033321443847932
S2,T0974,8.082268390639218
S2,T0975,8.101587308598962
S2,T0976,8.247632604268174
S2,T0977,8.428179166568357
S2,T0978,8.464027712243793
S2,T0979,8.295948770516514
S2,T0980,8.26116108315556
S2,T0981,8.141602241401008
S2,T0982,7.89773563322965
S2,T0983,6.44694506469991
S2,T0984,7.793150940975842
S2,T0985,6.396973502045118
S2,T0986,5.263516958446634
S2,T0987,5.248214161139712
S2,T0988,5.24353706681154
S2,T0989,5.58508874728432
S2,T0990,8.21384490928989
S2,T0991,8.37478657160047
S2,T0992,8.503923353709498
S2,T0993,8.321086150854294
S2,T0994,8.24867078942344
S2,T0995,8.243201282621122
S2,T0996,8.209931015514183
S2,T0997,8.18909362131475
S2,T0998,8.253419718553522
S2,T0999,8.247268496016066
S2,T1000,8.436271560552091
S2,T1001,8.513763858369622
S2,T1002,8.538526002474093
S2,T1003,8.514303772299709
S2,T1004,8.287406486290742
S2,T1005,8.161724438918124
S2,T1006,8.032434995085003
S2,T1007,6.900129187834019
S2,T1008,7.822239978770208
S2,T3025,8.802110159384178
S2,T3026,8.994315374313443
S2,T3027,9.010314717814108
S2,T3028,8.93721292917039
S2,T3029,10.116931896072064
S2,T3030,10.855391232570804
S2,T3031,10.885438187563308
S2,T3032,9.961884520430083
S2,T3033,9.463498908602732
S2,T3034,9.24295465468591
S2,T3035,8.678925219822773
S2,T3036,8.545426887649782
S2,T3037,8.566622825330786
S2,T3038,1.9730996089610822
S2,T3039,8.952080141475316
S2,T3040,2.2018935234693062
S2,T3041,2.728282743566706
S2,T3042,4.378185962762406
S2,T3043,4.590640739923768
S2,T3044,12.710018170373939
S2,T3045,11.029023303819802
S2,T3046,10.467497169173173
S2,T3047,9.999288678317296
S2,T3048,9.28469401469977
S2,T3049,9.375475836447619
S2,T3050,9.302821983050231
S2,T3051,9.346855275872773
S2,T3052,9.729079168399815
S2,T3053,10.720619152142085
S2,T3054,11.549372340313747
S2,T3055,10.917029603860492
S2,T3056,10.048510984557684
S2,T3057,9.309167374410363
S2,T3058,8.940191230469932
S2,T3059,8.682125451843175
S2,T3060,8.246600733849924
S2,T3061,1.702699243869356
S2,T3062,1.662533164770392
S2,T3063,1.8643998818697913
S2,T3064,2.0902526113888937
S2,T3065,2.3093645646841887
S2,T3066,3.0348622416538626
S2,T3067,3.464218162592787
S2,T3068,2.897573928848792
S2,T3069,11.412718851419013
S2,T3070,10.421390228369109
S2,T3071,9.632607811894148
S2,T3072,9.653609904227935
S2,T3073,9.541318850116859
S2,T3074,9.69244033405363
S2,T3075,9.904930287783642
S2,T3076,9.87334314692845
S2,T3077,9.691893727573573
S2,T3078,9.78340256478297
S2,T3079,9.843860085344364
S2,T3080,9.590148034889637
S2,T3081,9.239239590977673
S2,T3082,9.24379470413539
S2,T3083,9.144541901283361
S2,T3084,1.8542370535982233
S2,T3085,1.7160990451435698
S2,T3086,1.5652732710302149
S2,T3087,1.775311815436423
S2,T3088,2.244444602311659
S2,T3089,11.336537602772907
S2,T3090,13.454208260370407
S2,T3091,12.683755170294337
S2,T3092,11.480255999412439
S2,T3093,10.910971655121502
S2,T3094,9.87000913648647
S2,T3095,9.249370380711618
S2,T3096,8.954040167782244
S2,T3097,8.795870929595825
S2,T3098,8.568869906746118
S2,T3099,8.198182789856824
S2,T3100,8.148121429683181
S2,T3101,8.010916174238952
S2,T3102,7.566639457878207
S2,T3103,7.929157438193458
S2,T3104,7.826046394565626
S2,T3105,7.557608005688571
S2,T3106,7.5291321347197355
S2,T3107,7.328278851987518
S2,T3108,0.9329296221914636
S2,T3109,0.846933426346727
S2,T3110,0.8789221360910162
S2,T3111,0.8632440740357936
S2,T3112,0.9428174737475781
S2,T3113,7.2447703416086435
S2,T3114,7.776678008881678
S2,T3115,7.8544657490563194
S2,T3116,7.92596659230953
S2,T3117,7.867112443955741
S2,T3118,6.8844313547991405
S2,T3119,6.022176715106226
S2,T3120,5.291189881738864
S2,T3121,4.887619462269593
S2,T3122,4.926048067290182
S2,T3123,4.862790707832534
S2,T3124,5.651297437195117
S2,T3125,8.791583141893922
S2,T3126,9.592711439227031
S2,T3127,10.069590810401962
S2,T3128,9.542481655922682
S2,T3129,9.079978118284995
S2,T3130,8.838286266329261
S2,T3131,8.277007934236405
S2,T3132,7.733344423562558
S2,T3133,1.5313097014636894
S2,T3134,1.4655033493415994
S2,T3135,1.4703674249394283
S2,T3136,7.625630356425222
S2,T3137,8.653815069394284
S2,T3138,9.565537498005929
S2,T3139,9.641157625280645
S2,T3140,10.024642259602656
S2,T3141,9.598955951986062
S2,T3142,9.106663844915568
S2,T3143,9.37323429279815
S2,T3144,8.843353603243276
S2,T3145,8.609920330706167
S2,T3146,8.376316961391408
S2,T3147,8.353699785937309
S2,T3148,8.864360236288709
S2,T3149,10.592453563066321
S2,T3150,12.12813303229732
S2,T3151,10.648724050007987
S2,T3152,9.974899504968736
S2,T3153,9.6435676756404
S2,T3154,9.395698402584214
S2,T3155,8.948269301776964
S2,T3156,8.53539839198263
S2,T3157,8.301116731811888
S2,T3158,8.311759167623348
S2,T3159,8.345585980352134
S2,T3160,9.324756123764349
S2,T3161,10.17440057342856
S2,T3162,10.756602520653257
S2,T3163,10.983880254386358
S2,T3164,10.540473701277008
S2,T3165,10.311048001471198
S2,T3166,9.938664963553586
S2,T3167,9.949920510531841
S2,T3168,9.609430368153214
S2,T3169,9.388045669225207
S2,T3170,9.465993076897746
S2,T3171,9.393706943570075
S2,T3172,10.226310474727162
S2,T3173,12.411358069384402
S2,T3174,15.02383524705985
S2,T3175,14.89121583405026
S2,T3176,13.247515440897347
S2,T3177,13.213097594944559
S2,T3178,12.83358759563114
S2,T3179,12.445290998441724
S2,T3180,12.02305730222347
S2,T3181,11.660369346581975
S2,T3182,11.662746524943818
S2,T3183,11.52199304842236
S2,T3184,13.024169733060141
S2,T3185,14.518420921192902
S2,T3186,14.700898463576477
S2,T3187,12.642627167473817
S2,T3188,11.937452334265043
S2,T3189,10.35298028493347
S2,T3190,9.319284807266488
S2,T3191,8.808080266865149
S2,T3192,8.6486261463984
S2,T5209,1.1294495091282883
S2,T5210,1.1855963919252102
S2,T5211,1.2786125326684747
S2,T5212,1.5385638372528228
S2,T5213,1.7736150715668082
S2,T5214,1.915944088204623
S2,T5215,1.5697397667864827
S2,T5216,1.2601295498654583
S2,T5217,0.8585599506290749
S2,T5218,0.6969847555278836
S2,T5219,0.5720467938130327
S2,T5220,0.45920596713015027
S2,T5221,0.428042019950712
S2,T5222,0.35308467286403666
S2,T5223,0.4988734967668258
S2,T5224,0.3371344243996959
S2,T5225,0.6882378615837201
S2,T5226,1.0812713377833199
S2,T5227,1.0372580049477371
S2,T5228,1.1086502566368062
S2,T5229,1.2955390561118059
S2,T5230,1.2489598916559477
S2,T5231,1.2595145506962837
S2,T5232,1.2685566867379514
S2,T5233,1.2174867296376501
S2,T5234,1.2358404686545008
S2,T5235,1.2664537628349024
S2,T5236,1.6107808754239603
S2,T5237,2.040689063125275
S2,T5238,2.2197283623097084
S2,T5239,1.7242570425528119
S2,T5240,1.4501771495857263
S2,T5241,1.1868513307367021
S2,T5242,0.6858632872762958
S2,T5243,0.16789230755413453
S2,T5244,0.17626092985499153
S2,T5245,0.03257152134439001
S2,T5246,-0.21310973619850304
S2,T5247,-0.2693420028512168
S2,T5248,-0.21682063256728124
S2,T5249,-0.07666235605158955
S2,T5250,0.21710958873318664
S2,T5251,0.3910591219811004
S2,T5252,0.7398913270106047
S2,T5253,0.9053803505620401
S2,T5254,1.203831804122449
S2,T5255,1.5881547061158614
S2,T5256,1.4721193835334099
S2,T5257,1.4068798381653693
S2,T5258,1.3152040417031092
S2,T5259,1.306747849886592
S2,T5260,1.391087369645301
S2,T5261,1.4373259287331
S2,T5262,1.4406882366180966
S2,T5263,1.4488057488401254
S2,T5264,1.4243449840612243
S2,T5265,1.1733068917415956
S2,T5266,0.8595147732894735
S2,T5267,0.4684906439503884
S2,T5268,-0.009110365652951868
S2,T5269,-0.30112308533521737
S2,T5270,-0.4886256473435793
S2,T5271,-0.6800251179740797
S2,T5272,-0.7834273680203807
S2,T5273,-0.36778383022023386
S2,T5274,-0.21978778237203467
S2,T5275,0.42643625348018444
S2,T5276,0.6998013090379225
S2,T5277,0.7505315919120978
S2,T5278,0.792794139061811
S2,T5279,0.8362993726736747
S2,T5280,0.9839181654138696
S2,T5281,1.0776482255011548
S2,T5282,0.9338006519095157
S2,T5283,0.8838731690444466
S2,T5284,1.018395434883382
S2,T5285,1.0694764563824901
S2,T5286,1.023397414078729
S2,T5287,0.785397736769567
S2,T5288,0.5973154730377364
S2,T5289,0.4787785222836203
S2,T5290,0.32527799442210115
S2,T5291,-0.047911372175238
S2,T5292,-0.2880493451855759
S2,T5293,-0.6604529433480344
S2,T5294,-0.8205217614203864
S2,T5295,-0.8021267464390209
S2,T5296,-0.6616679860714114
S2,T5297,-0.514682751444737
S2,T5298,-0.45265917871529804
S2,T5299,0.0060819030323469025
S2,T5300,0.26909149221026607
S2,T5301,0.3424159269065392
S2,T5302,0.35146580326748844
S2,T5303,0.6259382200735992
S2,T5304,0.6764102991142373
S2,T5305,0.6976299891474327
S2,T5306,0.688312039197027
S2,T5307,0.8209009650866073
S2,T5308,0.9308323496556057
S2,T5309,1.5765640585967013
S2,T5310,1.726232446874776
S2,T5311,1.698845033847751
S2,T5312,1.332382032171551
S2,T5313,1.105906498423905
S2,T5314,0.6446394924699874
S2,T5315,0.05679452063019963
S2,T5316,-0.33736499318598123
S2,T5317,-0.4136469227174657
S2,T5318,-0.13499823536307676
S2,T5319,-0.23590490613693826
S2,T5320,-0.06368189162422477
S2,T5321,0.11923525061635876
S2,T5322,0.6222813520191111
S2,T5323,0.7242354902596777
S2,T5324,0.9247350304392452
S2,T5325,1.0871380986596961
S2,T5326,0.9768517858517332
S2,T5327,1.2931039969459441
S2,T5328,1.3535737695879118
S2,T5329,1.312918702053252
S2,T5330,1.2893601165932378
S2,T5331,1.3707917208595
S2,T5332,1.5314737894407664
S2,T5333,1.7516898500117482
S2,T5334,2.01179274939616
S2,T5335,2.1640915207837574
S2,T5336,1.9247329310632193
S2,T5337,1.7149699936252294
S2,T5338,1.3876441183509407
S2,T5339,1.0741174347440208
S2,T5340,0.696823210800319
S2,T5341,0.8881595454214406
S2,T5342,0.918193109930779
S2,T5343,0.8212807644579432
S2,T5344,0.9814938820832257
S2,T5345,0.9897434892158341
S2,T5346,1.0721060337057893
S2,T5347,1.1248515972480722
S2,T5348,1.1965982828210528
S2,T5349,1.252935427114273
S2,T5350,1.1485896865395777
S2,T5351,1.1063277719936029
S2,T5352,1.1313404157056326
S2,T5353,1.1815140205324728
S2,T5354,1.2454353849699633
S2,T5355,1.3763864339393923
S2,T5356,1.6112176541053167
S2,T5357,1.9072460923078236
S2,T5358,2.74616874325294
S2,T5359,2.7566647195316287
S2,T5360,2.4988195913674494
S2,T5361,2.415693132056357
S2,T5362,2.0060183842486685
S2,T5363,1.6661299332215507
S2,T5364,1.403385782430248
S2,T5365,1.442833557432006
S2,T5366,1.2806331084223814
S2,T5367,1.430530451012703
S2,T5368,1.4504737486006996
S2,T5369,1.6603438975681215
S2,T5370,1.8608370980576254
S2,T5371,1.526941455658718
S2,T5372,1.4843167830328554
S2,T5373,1.507831984383594
S2,T5374,1.316787808166166
S2,T5375,1.3931212402769806
S2,T5376,1.3966932299327823
S2,T7393,4.925865602920077
S2,T7394,4.833548979328008
S2,T7395,4.823929885815281
S2,T7396,4.860680613981532
S2,T7397,4.97922276378746
S2,T7398,5.161421953825825
S2,T7399,5.604113093309399
S2,T7400,5.48966912073087
S2,T7401,5.4150543891533784
S2,T7402,5.310382872327021
S2,T7403,5.213586299632503
S2,T7404,5.16176239292986
S2,T7405,5.309113918463613
S2,T7406,5.173584200656098
S2,T7407,5.329782395596986
S2,T7408,5.649196093820101
S2,T7409,7.705826144844334
S2,T7410,5.933573621149011
S2,T7411,5.511511401971737
S2,T7412,5.311807481940477
S2,T7413,5.114857841307996
S2,T7414,4.965850717743925
S2,T7415,4.830145898382905
S2,T7416,4.823223682326039
S2,T7417,4.813803545761469
S2,T7418,4.815805043444909
S2,T7419,4.868383962352595
S2,T7420,4.953695903052761
S2,T7421,5.2219154355636235
S2,T7422,6.855702157333935
S2,T7423,15.188427284014788
S2,T7424,15.790885610580663
S2,T7425,15.264574423696327
S2,T7426,14.69312608335177
S2,T7427,14.529049170864317
S2,T7428,13.384436060145267
S2,T7429,13.165950281823564
S2,T7430,13.325158830317429
S2,T7431,14.357830985893797
S2,T7432,15.109805477971584
S2,T7433,16.607221066617452
S2,T7434,16.22014621120005
S2,T7435,15.316208354311991
S2,T7436,13.724318674185618
S2,T7437,12.696505594956369
S2,T7438,12.858344886411716
S2,T7439,12.080981223168719
S2,T7440,12.422674092855639
S2,T7441,11.52672370633286
S2,T7442,10.528766893642343
S2,T7443,8.449281569476167
S2,T7444,10.352383809122102
S2,T7445,10.858315855318931
S2,T7446,11.369368023136108
S2,T7447,11.479416448129799
S2,T7448,12.309450719053476
S2,T7449,12.310683575292208
S2,T7450,11.918902055411966
S2,T7451,11.71007984515759
S2,T7452,11.951933418859317
S2,T7453,11.81269539004633
S2,T7454,12.262854265172216
S2,T7455,13.904922274936208
S2,T7456,15.290571680486394
S2,T7457,16.484462839790957
S2,T7458,15.785924207289504
S2,T7459,15.308777069020515
S2,T7460,14.41502764529564
S2,T7461,13.507186430502989
S2,T7462,13.25850656969761
S2,T7463,12.734680934549894
S2,T7464,12.776094780160149
S2,T7465,11.871635178274099
S2,T7466,11.723540517427624
S2,T7467,11.743908746450519
S2,T7468,11.88093344012736
S2,T7469,11.080221668859217
S2,T7470,13.734127125067822
S2,T7471,20.827706088463753
S2,T7472,22.12061587233484
S2,T7473,22.1401176654219
S2,T7474,22.08965429469573
S2,T7475,22.096002762344582
S2,T7476,22.07997920821613
S2,T7477,22.078990887586563
S2,T7478,12.44048263810669
S2,T7479,13.885030521822049
S2,T7480,14.869332667095915
S2,T7481,16.179494755899128
S2,T7482,15.985974213857315
S2,T7483,15.200140954509749
S2,T7484,14.620894460728612
S2,T7485,13.76959834441975
S2,T7486,13.464642618055276
S2,T7487,12.794013672186505
S2,T7488,12.031239728171817
S2,T7489,9.851813853147737
S2,T7490,9.139780499745278
S2,T7491,10.346881139993009
S2,T7492,11.702791384650594
S2,T7493,11.276148484735385
S2,T7494,15.957105579178009
S2,T7495,18.276865529013275
S2,T7496,19.8171679409456
S2,T7497,15.749214399312077
S2,T7498,15.546924291559725
S2,T7499,15.532219558948372
S2,T7500,15.519264044095678
S2,T7501,19.55663544060351
S2,T7502,19.52437812031226
S2,T7503,19.606979579858024
S2,T7504,21.99017318044831
S2,T7505,15.405107117533934
S2,T7506,23.10612224827158
S2,T7507,17.671956290975878
S2,T7508,15.565215038492376
S2,T7509,14.76946479241846
S2,T7510,14.208757857886647
S2,T7511,12.93484358283509
S2,T7512,12.1334279424071
S2,T7513,12.133082079171823
S2,T7514,11.960757982687383
S2,T7515,11.7807343377851
S2,T7516,12.030088513744301
S2,T7517,12.902500052532812
S2,T7518,15.530981156545419
S2,T7519,20.60848510536735
S2,T7520,11.75717016135124
S2,T7521,20.316225693175728
S2,T7522,19.937998627457294
S2,T7523,20.291604987342147
S2,T7524,20.427683660758813
S2,T7525,21.558344339235344
S2,T7526,20.88020611685278
S2,T7527,21.330654968092084
S2,T7528,23.008823427668055
S2,T7529,18.557456824716294
S2,T7530,21.797335948009184
S2,T7531,19.173773239164642
S2,T7532,16.10660729390363
S2,T7533,14.87396558076701
S2,T7534,14.361573736856437
S2,T7535,13.059945328939008
S2,T7536,13.705381738398549
S2,T7537,13.223694062191655
S2,T7538,12.420047060832525
S2,T7539,12.366725774526074
S2,T7540,12.303242280504762
S2,T7541,12.811814390991268
S2,T7542,15.285167354784798
S2,T7543,19.142866792857536
S2,T7544,19.315363979936098
S2,T7545,17.447683530303298
S2,T7546,17.275061070635758
S2,T7547,17.733511911877514
S2,T7548,18.755207069908554
S2,T7549,19.24290072436448
S2,T7550,19.247603963134882
S2,T7551,19.42147166600958
S2,T7552,20.46515998041806
S2,T7553,10.443088813029703
S2,T7554,19.55606730428964
S2,T7555,17.90918577112547
S2,T7556,14.891032146483095
S2,T7557,13.207135577886792
S2,T7558,13.040476095993691
S2,T7559,12.353636798819872
S2,T7560,6.1368057888453365
S3,T0841,13.8
S3,T0842,13.8
S3,T0843,13.8
S3,T0844,13.8
S3,T0845,13.8
S3,T0846,13.8
S3,T0847,13.8
S3,T0848,13.8
S3,T0849,13.8
S3,T0850,13.8
S3,T0851,13.8
S3,T0852,13.8
S3,T0853,13.8
S3,T0854,13.8
S3,T0855,13.8
S3,T0856,13.8
S3,T0857,13.8
S3,T0858,13.8
S3,T0859,13.8
S3,T0860,13.8
S3,T0861,13.8
S3,T0862,13.8
S3,T0863,13.8
S3,T0864,13.8
S3,T0865,13.8
S3,T0866,13.8
S3,T0867,13.8
S3,T0868,13.8
S3,T0869,13.8
S3,T0870,13.8
S3,T0871,13.8
S3,T0872,13.8
S3,T0873,13.8
S3,T0874,13.8
S3,T0875,13.8
S3,T0876,13.8
S3,T0877,13.8
S3,T0878,13.8
S3,T0879,13.8
S3,T0880,13.8
S3,T0881,13.8
S3,T0882,13.8
S3,T0883,13.8
S3,T0884,13.8
S3,T0885,13.8
S3,T0886,13.8
S3,T0887,13.8
S3,T0888,13.8
S3,T0889,13.8
S3,T0890,13.8
S3,T0891,13.8
S3,T0892,13.8
S3,T0893,13.8
S3,T0894,13.8
S3,T0895,13.8
S3,T0896,13.8
S3,T0897,13.8
S3,T0898,13.8
S3,T0899,13.8
S3,T0900,13.8
S3,T0901,13.8
S3,T0902,13.8
S3,T0903,13.8
S3,T0904,13.8
S3,T0905,13.8
S3,T0906,13.8
S3,T0907,13.8
S3,T0908,13.8
S3,T0909,13.8
S3,T0910,13.8
S3,T0911,13.8
S3,T0912,13.8
S3,T0913,13.8
S3,T0914,13.8
S3,T0915,13.8
S3,T0916,13.8
S3,T0917,13.8
S3,T0918,13.8
S3,T0919,13.8
S3,T0920,13.8
S3,T0921,13.8
S3,T0922,13.8
S3,T0923,13.8
S3,T0924,13.8
S3,T0925,13.8
S3,T0926,13.8
S3,T0927,13.8
S3,T0928,13.8
S3,T0929,13.8
S3,T0930,13.8
S3,T0931,13.8
S3,T0932,13.8
S3,T0933,13.8
S3,T0934,13.8
S3,T0935,13.8
S3,T0936,13.8
S3,T0937,13.8
S3,T0938,13.8
S3,T0939,13.8
S3,T0940,13.8
S3,T0941,13.8
S3,T0942,13.8
S3,T0943,13.8
S3,T0944,13.8
S3,T0945,13.8
S3,T0946,13.8
S3,T0947,13.8
S3,T0948,13.8
S3,T0949,13.8
S3,T0950,13.8
S3,T0951,13.8
S3,T0952,13.8
S3,T0953,13.8
S3,T0954,13.8
S3,T0955,13.8
S3,T0956,13.8
S3,T0957,13.8
S3,T0958,13.8
S3,T0959,13.8
S3,T0960,13.8
S3,T0961,13.8
S3,T0962,13.8
S3,T0963,13.8
S3,T0964,13.8
S3,T0965,13.8
S3,T0966,13.8
S3,T0967,13.8
S3,T0968,13.8
S3,T0969,13.8
S3,T0970,13.8
S3,T0971,13.8
S3,T0972,13.8
S3,T0973,13.8
S3,T0974,13.8
S3,T0975,13.8
S3,T0976,13.8
S3,T0977,13.8
S3,T0978,13.8
S3,T0979,13.8
S3,T0980,13.8
S3,T0981,13.8
S3,T0982,13.8
S3,T0983,13.8
S3,T0984,13.8
S3,T0985,13.8
S3,T0986,13.8
S3,T0987,13.8
S3,T0988,13.8
S3,T0989,13.8
S3,T0990,13.8
S3,T0991,13.8
S3,T0992,13.8
S3,T0993,13.8
S3,T0994,13.8
S3,T0995,13.8
S3,T0996,13.8
S3,T0997,13.8
S3,T0998,13.8
S3,T0999,13.8
S3,T1000,13.8
S3,T1001,13.8
S3,T1002,13.8
S3,T1003,13.8
S3,T1004,13.8
S3,T1005,13.8
S3,T1006,13.8
S3,T1007,13.8
S3,T1008,13.8
S3,T3025,13.8
S3,T3026,13.8
S3,T3027,13.8
S3,T3028,13.8
S3,T3029,13.8
S3,T3030,13.8
S3,T3031,13.8
S3,T3032,13.8
S3,T3033,13.8
S3,T3034,13.8
S3,T3035,13.8
S3,T3036,13.8
S3,T3037,13.8
S3,T3038,13.8
S3,T3039,13.8
S3,T3040,13.8
S3,T3041,13.8
S3,T3042,13.8
S3,T3043,13.8
S3,T3044,13.8
S3,T3045,13.8
S3,T3046,13.8
S3,T3047,13.8
S3,T3048,13.8
S3,T3049,13.8
S3,T3050,13.8
S3,T3051,13.8
S3,T3052,13.8
S3,T3053,13.8
S3,T3054,13.8
S3,T3055,13.8
S3,T3056,13.8
S3,T3057,13.8
S3,T3058,13.8
S3,T3059,13.8
S3,T3060,13.8
S3,T3061,13.8
S3,T3062,13.8
S3,T3063,13.8
S3,T3064,13.8
S3,T3065,13.8
S3,T3066,13.8
S3,T3067,13.8
S3,T3068,13.8
S3,T3069,13.8
S3,T3070,13.8
S3,T3071,13.8
S3,T3072,13.8
S3,T3073,13.8
S3,T3074,13.8
S3,T3075,13.8
S3,T3076,13.8
S3,T3077,13.8
S3,T3078,13.8
S3,T3079,13.8
S3,T3080,13.8
S3,T3081,13.8
S3,T3082,13.8
S3,T3083,13.8
S3,T3084,13.8
S3,T3085,13.8
S3,T3086,13.8
S3,T3087,13.8
S3,T3088,13.8
S3,T3089,13.8
S3,T3090,13.8
S3,T3091,13.8
S3,T3092,13.8
S3,T3093,13.8
S3,T3094,13.8
S3,T3095,13.8
S3,T3096,13.8
S3,T3097,13.8
S3,T3098,13.8
S3,T3099,13.8
S3,T3100,13.8
S3,T3101,13.8
S3,T3102,13.8
S3,T3103,13.8
S3,T3104,13.8
S3,T3105,13.8
S3,T3106,13.8
S3,T3107,13.8
S3,T3108,13.8
S3,T3109,13.8
S3,T3110,13.8
S3,T3111,13.8
S3,T3112,13.8
S3,T3113,13.8
S3,T3114,13.8
S3,T3115,13.8
S3,T3116,13.8
S3,T3117,13.8
S3,T3118,13.8
S3,T3119,13.8
S3,T3120,13.8
S3,T3121,13.8
S3,T3122,13.8
S3,T3123,13.8
S3,T3124,13.8
S3,T3125,13.8
S3,T3126,13.8
S3,T3127,13.8
S3,T3128,13.8
S3,T3129,13.8
S3,T3130,13.8
S3,T3131,13.8
S3,T3132,13.8
S3,T3133,13.8
S3,T3134,13.8
S3,T3135,13.8
S3,T3136,13.8
S3,T3137,13.8
S3,T3138,13.8
S3,T3139,13.8
S3,T3140,13.8
S3,T3141,13.8
S3,T3142,13.8
S3,T3143,13.8
S3,T3144,13.8
S3,T3145,13.8
S3,T3146,13.8
S3,T3147,13.8
S3,T3148,13.8
S3,T3149,13.8
S3,T3150,13.8
S3,T3151,13.8
S3,T3152,13.8
S3,T3153,13.8
S3,T3154,13.8
S3,T3155,13.8
S3,T3156,13.8
S3,T3157,13.8
S3,T3158,13.8
S3,T3159,13.8
S3,T3160,13.8
S3,T3161,13.8
S3,T3162,13.8
S3,T3163,13.8
S3,T3164,13.8
S3,T3165,13.8
S3,T3166,13.8
S3,T3167,13.8
S3,T3168,13.8
S3,T3169,13.8
S3,T3170,13.8
S3,T3171,13.8
S3,T3172,13.8
S3,T3173,13.8
S3,T3174,13.8
S3,T3175,13.8
S3,T3176,13.8
S3,T3177,13.8
S3,T3178,13.8
S3,T3179,13.8
S3,T3180,13.8
S3,T3181,13.8
S3,T3182,13.8
S3,T3183,13.8
S3,T3184,13.8
S3,T3185,13.8
S3,T3186,13.8
S3,T3187,13.8
S3,T3188,13.8
S3,T3189,13.8
S3,T3190,13.8
S3,T3191,13.8
S3,T3192,13.8
S3,T5209,13.8
S3,T5210,13.8
S3,T5211,13.8
S3,T5212,13.8
S3,T5213,13.8
S3,T5214,13.8
S3,T5215,13.8
S3,T5216,13.8
S3,T5217,13.8
S3,T5218,13.8
S3,T5219,13.8
S3,T5220,13.8
S3,T5221,13.8
S3,T5222,13.8
S3,T5223,13.8
S3,T5224,13.8
S3,T5225,13.8
S3,T5226,13.8
S3,T5227,13.8
S3,T5228,13.8
S3,T5229,13.8
S3,T5230,13.8
S3,T5231,13.8
S3,T5232,13.8
S3,T5233,13.8
S3,T5234,13.8
S3,T5235,13.8
S3,T5236,13.8
S3,T5237,13.8
S3,T5238,13.8
S3,T5239,13.8
S3,T5240,13.8
S3,T5241,13.8
S3,T5242,13.8
S3,T5243,13.8
S3,T5244,13.8
S3,T5245,13.8
S3,T5246,13.8
S3,T5247,13.8
S3,T5248,13.8
S3,T5249,13.8
S3,T5250,13.8
S3,T5251,13.8
S3,T5252,13.8
S3,T5253,13.8
S3,T5254,13.8
S3,T5255,13.8
S3,T5256,13.8
S3,T5257,13.8
S3,T5258,13.8
S3,T5259,13.8
S3,T5260,13.8
S3,T5261,13.8
S3,T5262,13.8
S3,T5263,13.8
S3,T5264,13.8
S3,T5265,13.8
S3,T5266,13.8
S3,T5267,13.8
S3,T5268,13.8
S3,T5269,13.8
S3,T5270,13.8
S3,T5271,13.8
S3,T5272,13.8
S3,T5273,13.8
S3,T5274,13.8
S3,T5275,13.8
S3,T5276,13.8
S3,T5277,13.8
S3,T5278,13.8
S3,T5279,13.8
S3,T5280,13.8
S3,T5281,13.8
S3,T5282,13.8
S3,T5283,13.8
S3,T5284,13.8
S3,T5285,13.8
S3,T5286,13.8
S3,T5287,13.8
S3,T5288,13.8
S3,T5289,13.8
S3,T5290,13.8
S3,T5291,13.8
S3,T5292,13.8
S3,T5293,13.8
S3,T5294,13.8
S3,T5295,13.8
S3,T5296,13.8
S3,T5297,13.8
S3,T5298,13.8
S3,T5299,13.8
S3,T5300,13.8
S3,T5301,13.8
S3,T5302,13.8
S3,T5303,13.8
S3,T5304,13.8
S3,T5305,13.8
S3,T5306,13.8
S3,T5307,13.8
S3,T5308,13.8
S3,T5309,13.8
S3,T5310,13.8
S3,T5311,13.8
S3,T5312,13.8
S3,T5313,13.8
S3,T5314,13.8
S3,T5315,13.8
S3,T5316,13.8
S3,T5317,13.8
S3,T5318,13.8
S3,T5319,13.8
S3,T5320,13.8
S3,T5321,13.8
S3,T5322,13.8
S3,T5323,13.8
S3,T5324,13.8
S3,T5325,13.8
S3,T5326,13.8
S3,T5327,13.8
S3,T5328,13.8
S3,T5329,13.8
S3,T5330,13.8
S3,T5331,13.8
S3,T5332,13.8
S3,T5333,13.8
S3,T5334,13.8
S3,T5335,13.8
S3,T5336,13.8
S3,T5337,13.8
S3,T5338,13.8
S3,T5339,13.8
S3,T5340,13.8
S3,T5341,13.8
S3,T5342,13.8
S3,T5343,13.8
S3,T5344,13.8
S3,T5345,13.8
S3,T5346,13.8
S3,T5347,13.8
S3,T5348,13.8
S3,T5349,13.8
S3,T5350,13.8
S3,T5351,13.8
S3,T5352,13.8
S3,T5353,13.8
S3,T5354,13.8
S3,T5355,13.8
S3,T5356,13.8
S3,T5357,13.8
S3,T5358,13.8
S3,T5359,13.8
S3,T5360,13.8
S3,T5361,13.8
S3,T5362,13.8
S3,T5363,13.8
S3,T5364,13.8
S3,T5365,13.8
S3,T5366,13.8
S3,T5367,13.8
S3,T5368,13.8
S3,T5369,13.8
S3,T5370,13.8
S3,T5371,13.8
S3,T5372,13.8
S3,T5373,13.8
S3,T5374,13.8
S3,T5375,13.8
S3,T5376,13.8
S3,T7393,13.8
S3,T7394,13.8
S3,T7395,13.8
S3,T7396,13.8
S3,T7397,13.8
S3,T7398,13.8
S3,T7399,13.8
S3,T7400,13.8
S3,T7401,13.8
S3,T7402,13.8
S3,T7403,13.8
S3,T7404,13.8
S3,T7405,13.8
S3,T7406,13.8
S3,T7407,13.8
S3,T7408,13.8
S3,T7409,13.8
S3,T7410,13.8
S3,T7411,13.8
S3,T7412,13.8
S3,T7413,13.8
S3,T7414,13.8
S3,T7415,13.8
S3,T7416,13.8
S3,T7417,13.8
S3,T7418,13.8
S3,T7419,13.8
S3,T7420,13.8
S3,T7421,13.8
S3,T7422,13.8
S3,T7423,13.8
S3,T7424,13.8
S3,T7425,13.8
S3,T7426,13.8
S3,T7427,13.8
S3,T7428,13.8
S3,T7429,13.8
S3,T7430,13.8
S3,T7431,13.8
S3,T7432,13.8
S3,T7433,13.8
S3,T7434,13.8
S3,T7435,13.8
S3,T7436,13.8
S3,T7437,13.8
S3,T7438,13.8
S3,T7439,13.8
S3,T7440,13.8
S3,T7441,13.8
S3,T7442,13.8
S3,T7443,13.8
S3,T7444,13.8
S3,T7445,13.8
S3,T7446,13.8
S3,T7447,13.8
S3,T7448,13.8
S3,T7449,13.8
S3,T7450,13.8
S3,T7451,13.8
S3,T7452,13.8
S3,T7453,13.8
S3,T7454,13.8
S3,T7455,13.8
S3,T7456,13.8
S3,T7457,13.8
S3,T7458,13.8
S3,T7459,13.8
S3,T7460,13.8
S3,T7461,13.8
S3,T7462,13.8
S3,T7463,13.8
S3,T7464,13.8
S3,T7465,13.8
S3,T7466,13.8
S3,T7467,13.8
S3,T7468,13.8
S3,T7469,13.8
S3,T7470,13.8
S3,T7471,13.8
S3,T7472,13.8
S3,T7473,13.8
S3,T7474,13.8
S3,T7475,13.8
S3,T7476,13.8
S3,T7477,13.8
S3,T7478,13.8
S3,T7479,13.8
S3,T7480,13.8
S3,T7481,13.8
S3,T7482,13.8
S3,T7483,13.8
S3,T7484,13.8
S3,T7485,13.8
S3,T7486,13.8
S3,T7487,13.8
S3,T7488,13.8
S3,T7489,13.8
S3,T7490,13.8
S3,T7491,13.8
S3,T7492,13.8
S3,T7493,13.8
S3,T7494,13.8
S3,T7495,13.8
S3,T7496,13.8
S3,T7497,13.8
S3,T7498,13.8
S3,T7499,13.8
S3,T7500,13.8
S3,T7501,13.8
S3,T7502,13.8
S3,T7503,13.8
S3,T7504,13.8
S3,T7505,13.8
S3,T7506,13.8
S3,T7507,13.8
S3,T7508,13.8
S3,T7509,13.8
S3,T7510,13.8
S3,T7511,13.8
S3,T7512,13.8
S3,T7513,13.8
S3,T7514,13.8
S3,T7515,13.8
S3,T7516,13.8
S3,T7517,13.8
S3,T7518,13.8
S3,T7519,13.8
S3,T7520,13.8
S3,T7521,13.8
S3,T7522,13.8
S3,T7523,13.8
S3,T7524,13.8
S3,T7525,13.8
S3,T7526,13.8
S3,T7527,13.8
S3,T7528,13.8
S3,T7529,13.8
S3,T7530,13.8
S3,T7531,13.8
S3,T7532,13.8
S3,T7533,13.8
S3,T7534,13.8
S3,T7535,13.8
S3,T7536,13.8
S3,T7537,13.8
S3,T7538,13.8
S3,T7539,13.8
S3,T7540,13.8
S3,T7541,13.8
S3,T7542,13.8
S3,T7543,13.8
S3,T7544,13.8
S3,T7545,13.8
S3,T7546,13.8
S3,T7547,13.8
S3,T7548,13.8
S3,T7549,13.8
S3,T7550,13.8
S3,T7551,13.8
S3,T7552,13.8
S3,T7553,13.8
S3,T7554,13.8
S3,T7555,13.8
S3,T7556,13.8
S3,T7557,13.8
S3,T7558,13.8
S3,T7559,13.8
S3,T7560,13.8
S4,T0841,11.936999999999998
S4,T0842,11.936999999999998
S4,T0843,11.936999999999998
S4,T0844,11.936999999999998
S4,T0845,11.936999999999998
S4,T0846,11.936999999999998
S4,T0847,11.936999999999998
S4,T0848,11.936999999999998
S4,T0849,11.936999999999998
S4,T0850,11.936999999999998
S4,T0851,11.936999999999998
S4,T0852,11.936999999999998
S4,T0853,11.936999999999998
S4,T0854,11.936999999999998
S4,T0855,11.936999999999998
S4,T0856,11.936999999999998
S4,T0857,11.936999999999998
S4,T0858,11.936999999999998
S4,T0859,11.936999999999998
S4,T0860,11.936999999999998
S4,T0861,11.936999999999998
S4,T0862,11.936999999999998
S4,T0863,11.936999999999998
S4,T0864,11.936999999999998
S4,T0865,13.180125000000002
S4,T0866,13.180125000000002
S4,T0867,13.180125000000002
S4,T0868,13.180125000000002
S4,T0869,13.180125000000002
S4,T0870,13.180125000000002
S4,T0871,13.180125000000002
S4,T0872,13.180125000000002
S4,T0873,13.180125000000002
S4,T0874,13.180125000000002
S4,T0875,13.180125000000002
S4,T0876,13.180125000000002
S4,T0877,13.180125000000002
S4,T0878,13.180125000000002
S4,T0879,13.180125000000002
S4,T0880,13.180125000000002
S4,T0881,13.180125000000002
S4,T0882,13.180125000000002
S4,T0883,13.180125000000002
S4,T0884,13.180125000000002
S4,T0885,13.180125000000002
S4,T0886,13.180125000000002
S4,T0887,13.180125000000002
S4,T0888,13.180125000000002
S4,T0889,15.663874999999997
S4,T0890,15.663874999999997
S4,T0891,15.663874999999997
S4,T0892,15.663874999999997
S4,T0893,15.663874999999997
S4,T0894,15.663874999999997
S4,T0895,15.663874999999997
S4,T0896,15.663874999999997
S4,T0897,15.663874999999997
S4,T0898,15.663874999999997
S4,T0899,15.663874999999997
S4,T0900,15.663874999999997
S4,T0901,15.663874999999997
S4,T0902,15.663874999999997
S4,T0903,15.663874999999997
S4,T0904,15.663874999999997
S4,T0905,15.663874999999997
S4,T0906,15.663874999999997
S4,T0907,15.663874999999997
S4,T0908,15.663874999999997
S4,T0909,15.663874999999997
S4,T0910,15.663874999999997
S4,T0911,15.663874999999997
S4,T0912,15.663874999999997
S4,T0913,10.316749999999999
S4,T0914,10.316749999999999
S4,T0915,10.316749999999999
S4,T0916,10.316749999999999
S4,T0917,10.316749999999999
S4,T0918,10.316749999999999
S4,T0919,10.316749999999999
S4,T0920,10.316749999999999
S4,T0921,10.316749999999999
S4,T0922,10.316749999999999
S4,T0923,10.316749999999999
S4,T0924,10.316749999999999
S4,T0925,10.316749999999999
S4,T0926,10.316749999999999
S4,T0927,10.316749999999999
S4,T0928,10.316749999999999
S4,T0929,10.316749999999999
S4,T0930,10.316749999999999
S4,T0931,10.316749999999999
S4,T0932,10.316749999999999
S4,T0933,10.316749999999999
S4,T0934,10.316749999999999
S4,T0935,10.316749999999999
S4,T0936,10.316749999999999
S4,T0937,8.2045
S4,T0938,8.2045
S4,T0939,8.2045
S4,T0940,8.2045
S4,T0941,8.2045
S4,T0942,8.2045
S4,T0943,8.2045
S4,T0944,8.2045
S4,T0945,8.2045
S4,T0946,8.2045
S4,T0947,8.2045
S4,T0948,8.2045
S4,T0949,8.2045
S4,T0950,8.2045
S4,T0951,8.2045
S4,T0952,8.2045
S4,T0953,8.2045
S4,T0954,8.2045
S4,T0955,8.2045
S4,T0956,8.2045
S4,T0957,8.2045
S4,T0958,8.2045
S4,T0959,8.2045
S4,T0960,8.2045
S4,T0961,8.817125
S4,T0962,8.817125
S4,T0963,8.817125
S4,T0964,8.817125
S4,T0965,8.817125
S4,T0966,8.817125
S4,T0967,8.817125
S4,T0968,8.817125
S4,T0969,8.817125
S4,T0970,8.817125
S4,T0971,8.817125
S4,T0972,8.817125
S4,T0973,8.817125
S4,T0974,8.817125
S4,T0975,8.817125
S4,T0976,8.817125
S4,T0977,8.817125
S4,T0978,8.817125
S4,T0979,8.817125
S4,T0980,8.817125
S4,T0981,8.817125
S4,T0982,8.817125
S4,T0983,8.817125
S4,T0984,8.817125
S4,T0985,9.117875
S4,T0986,9.117875
S4,T0987,9.117875
S4,T0988,9.117875
S4,T0989,9.117875
S4,T0990,9.117875
S4,T0991,9.117875
S4,T0992,9.117875
S4,T0993,9.117875
S4,T0994,9.117875
S4,T0995,9.117875
S4,T0996,9.117875
S4,T0997,9.117875
S4,T0998,9.117875
S4,T0999,9.117875
S4,T1000,9.117875
S4,T1001,9.117875
S4,T1002,9.117875
S4,T1003,9.117875
S4,T1004,9.117875
S4,T1005,9.117875
S4,T1006,9.117875
S4,T1007,9.117875
S4,T1008,9.117875
S4,T3025,13.205499999999999
S4,T3026,13.205499999999999
S4,T3027,13.205499999999999
S4,T3028,13.205499999999999
S4,T3029,13.205499999999999
S4,T3030,13.205499999999999
S4,T3031,13.205499999999999
S4,T3032,13.205499999999999
S4,T3033,13.205499999999999
S4,T3034,13.205499999999999
S4,T3035,13.205499999999999
S4,T3036,13.205499999999999
S4,T3037,13.205499999999999
S4,T3038,13.205499999999999
S4,T3039,13.205499999999999
S4,T3040,13.205499999999999
S4,T3041,13.205499999999999
S4,T3042,13.205499999999999
S4,T3043,13.205499999999999
S4,T3044,13.205499999999999
S4,T3045,13.205499999999999
S4,T3046,13.205499999999999
S4,T3047,13.205499999999999
S4,T3048,13.205499999999999
S4,T3049,13.1175
S4,T3050,13.1175
S4,T3051,13.1175
S4,T3052,13.1175
S4,T3053,13.1175
S4,T3054,13.1175
S4,T3055,13.1175
S4,T3056,13.1175
S4,T3057,13.1175
S4,T3058,13.1175
S4,T3059,13.1175
S4,T3060,13.1175
S4,T3061,13.1175
S4,T3062,13.1175
S4,T3063,13.1175
S4,T3064,13.1175
S4,T3065,13.1175
S4,T3066,13.1175
S4,T3067,13.1175
S4,T3068,13.1175
S4,T3069,13.1175
S4,T3070,13.1175
S4,T3071,13.1175
S4,T3072,13.1175
S4,T3073,12.568625
S4,T3074,12.568625
S4,T3075,12.568625
S4,T3076,12.568625
S4,T3077,12.568625
S4,T3078,12.568625
S4,T3079,12.568625
S4,T3080,12.568625
S4,T3081,12.568625
S4,T3082,12.568625
S4,T3083,12.568625
S4,T3084,12.568625
S4,T3085,12.568625
S4,T3086,12.568625
S4,T3087,12.568625
S4,T3088,12.568625
S4,T3089,12.568625
S4,T3090,12.568625
S4,T3091,12.568625
S4,T3092,12.568625
S4,T3093,12.568625
S4,T3094,12.568625
S4,T3095,12.568625
S4,T3096,12.568625
S4,T3097,9.534125
S4,T3098,9.534125
S4,T3099,9.534125
S4,T3100,9.534125
S4,T3101,9.534125
S4,T3102,9.534125
S4,T3103,9.534125
S4,T3104,9.534125
S4,T3105,9.534125
S4,T3106,9.534125
S4,T3107,9.534125
S4,T3108,9.534125
S4,T3109,9.534125
S4,T3110,9.534125
S4,T3111,9.534125
S4,T3112,9.534125
S4,T3113,9.534125
S4,T3114,9.534125
S4,T3115,9.534125
S4,T3116,9.534125
S4,T3117,9.534125
S4,T3118,9.534125
S4,T3119,9.534125
S4,T3120,9.534125
S4,T3121,10.62725
S4,T3122,10.62725
S4,T3123,10.62725
S4,T3124,10.62725
S4,T3125,10.62725
S4,T3126,10.62725
S4,T3127,10.62725
S4,T3128,10.62725
S4,T3129,10.62725
S4,T3130,10.62725
S4,T3131,10.62725
S4,T3132,10.62725
S4,T3133,10.62725
S4,T3134,10.62725
S4,T3135,10.62725
S4,T3136,10.62725
S4,T3137,10.62725
S4,T3138,10.62725
S4,T3139,10.62725
S4,T3140,10.62725
S4,T3141,10.62725
S4,T3142,10.62725
S4,T3143,10.62725
S4,T3144,10.62725
S4,T3145,12.752624999999998
S4,T3146,12.752624999999998
S4,T3147,12.752624999999998
S4,T3148,12.752624999999998
S4,T3149,12.752624999999998
S4,T3150,12.752624999999998
S4,T3151,12.752624999999998
S4,T3152,12.752624999999998
S4,T3153,12.752624999999998
S4,T3154,12.752624999999998
S4,T3155,12.752624999999998
S4,T3156,12.752624999999998
S4,T3157,12.752624999999998
S4,T3158,12.752624999999998
S4,T3159,12.752624999999998
S4,T3160,12.752624999999998
S4,T3161,12.752624999999998
S4,T3162,12.752624999999998
S4,T3163,12.752624999999998
S4,T3164,12.752624999999998
S4,T3165,12.752624999999998
S4,T3166,12.752624999999998
S4,T3167,12.752624999999998
S4,T3168,12.752624999999998
S4,T3169,14.986874999999996
S4,T3170,14.986874999999996
S4,T3171,14.986874999999996
S4,T3172,14.986874999999996
S4,T3173,14.986874999999996
S4,T3174,14.986874999999996
S4,T3175,14.986874999999996
S4,T3176,14.986874999999996
S4,T3177,14.986874999999996
S4,T3178,14.986874999999996
S4,T3179,14.986874999999996
S4,T3180,14.986874999999996
S4,T3181,14.986874999999996
S4,T3182,14.986874999999996
S4,T3183,14.986874999999996
S4,T3184,14.986874999999996
S4,T3185,14.986874999999996
S4,T3186,14.986874999999996
S4,T3187,14.986874999999996
S4,T3188,14.986874999999996
S4,T3189,14.986874999999996
S4,T3190,14.986874999999996
S4,T3191,14.986874999999996
S4,T3192,14.986874999999996
S4,T5209,16.18475
S4,T5210,16.18475
S4,T5211,16.18475
S4,T5212,16.18475
S4,T5213,16.18475
S4,T5214,16.18475
S4,T5215,16.18475
S4,T5216,16.18475
S4,T5217,16.18475
S4,T5218,16.18475
S4,T5219,16.18475
S4,T5220,16.18475
S4,T5221,16.18475
S4,T5222,16.18475
S4,T5223,16.18475
S4,T5224,16.18475
S4,T5225,16.18475
S4,T5226,16.18475
S4,T5227,16.18475
S4,T5228,16.18475
S4,T5229,16.18475
S4,T5230,16.18475
S4,T5231,16.18475
S4,T5232,16.18475
S4,T5233,17.089375
S4,T5234,17.089375
S4,T5235,17.089375
S4,T5236,17.089375
S4,T5237,17.089375
S4,T5238,17.089375
S4,T5239,17.089375
S4,T5240,17.089375
S4,T5241,17.089375
S4,T5242,17.089375
S4,T5243,17.089375
S4,T5244,17.089375
S4,T5245,17.089375
S4,T5246,17.089375
S4,T5247,17.089375
S4,T5248,17.089375
S4,T5249,17.089375
S4,T5250,17.089375
S4,T5251,17.089375
S4,T5252,17.089375
S4,T5253,17.089375
S4,T5254,17.089375
S4,T5255,17.089375
S4,T5256,17.089375
S4,T5257,15.4905
S4,T5258,15.4905
S4,T5259,15.4905
S4,T5260,15.4905
S4,T5261,15.4905
S4,T5262,15.4905
S4,T5263,15.4905
S4,T5264,15.4905
S4,T5265,15.4905
S4,T5266,15.4905
S4,T5267,15.4905
S4,T5268,15.4905
S4,T5269,15.4905
S4,T5270,15.4905
S4,T5271,15.4905
S4,T5272,15.4905
S4,T5273,15.4905
S4,T5274,15.4905
S4,T5275,15.4905
S4,T5276,15.4905
S4,T5277,15.4905
S4,T5278,15.4905
S4,T5279,15.4905
S4,T5280,15.4905
S4,T5281,14.565875000000002
S4,T5282,14.565875000000002
S4,T5283,14.565875000000002
S4,T5284,14.565875000000002
S4,T5285,14.565875000000002
S4,T5286,14.565875000000002
S4,T5287,14.565875000000002
S4,T5288,14.565875000000002
S4,T5289,14.565875000000002
S4,T5290,14.565875000000002
S4,T5291,14.565875000000002
S4,T5292,14.565875000000002
S4,T5293,14.565875000000002
S4,T5294,14.565875000000002
S4,T5295,14.565875000000002
S4,T5296,14.565875000000002
S4,T5297,14.565875000000002
S4,T5298,14.565875000000002
S4,T5299,14.565875000000002
S4,T5300,14.565875000000002
S4,T5301,14.565875000000002
S4,T5302,14.565875000000002
S4,T5303,14.565875000000002
S4,T5304,14.565875000000002
S4,T5305,18.389375
S4,T5306,18.389375
S4,T5307,18.389375
S4,T5308,18.389375
S4,T5309,18.389375
S4,T5310,18.389375
S4,T5311,18.389375
S4,T5312,18.389375
S4,T5313,18.389375
S4,T5314,18.389375
S4,T5315,18.389375
S4,T5316,18.389375
S4,T5317,18.389375
S4,T5318,18.389375
S4,T5319,18.389375
S4,T5320,18.389375
S4,T5321,18.389375
S4,T5322,18.389375
S4,T5323,18.389375
S4,T5324,18.389375
S4,T5325,18.389375
S4,T5326,18.389375
S4,T5327,18.389375
S4,T5328,18.389375
S4,T5329,18.199125000000002
S4,T5330,18.199125000000002
S4,T5331,18.199125000000002
S4,T5332,18.199125000000002
S4,T5333,18.199125000000002
S4,T5334,18.199125000000002
S4,T5335,18.199125000000002
S4,T5336,18.199125000000002
S4,T5337,18.199125000000002
S4,T5338,18.199125000000002
S4,T5339,18.199125000000002
S4,T5340,18.199125000000002
S4,T5341,18.199125000000002
S4,T5342,18.199125000000002
S4,T5343,18.199125000000002
S4,T5344,18.199125000000002
S4,T5345,18.199125000000002
S4,T5346,18.199125000000002
S4,T5347,18.199125000000002
S4,T5348,18.199125000000002
S4,T5349,18.199125000000002
S4,T5350,18.199125000000002
S4,T5351,18.199125000000002
S4,T5352,18.199125000000002
S4,T5353,19.753875
S4,T5354,19.753875
S4,T5355,19.753875
S4,T5356,19.753875
S4,T5357,19.753875
S4,T5358,19.753875
S4,T5359,19.753875
S4,T5360,19.753875
S4,T5361,19.753875
S4,T5362,19.753875
S4,T5363,19.753875
S4,T5364,19.753875
S4,T5365,19.753875
S4,T5366,19.753875
S4,T5367,19.753875
S4,T5368,19.753875
S4,T5369,19.753875
S4,T5370,19.753875
S4,T5371,19.753875
S4,T5372,19.753875
S4,T5373,19.753875
S4,T5374,19.753875
S4,T5375,19.753875
S4,T5376,19.753875
S4,T7393,6.905875
S4,T7394,6.905875
S4,T7395,6.905875
S4,T7396,6.905875
S4,T7397,6.905875
S4,T7398,6.905875
S4,T7399,6.905875
S4,T7400,6.905875
S4,T7401,6.905875
S4,T7402,6.905875
S4,T7403,6.905875
S4,T7404,6.905875
S4,T7405,6.905875
S4,T7406,6.905875
S4,T7407,6.905875
S4,T7408,6.905875
S4,T7409,6.905875
S4,T7410,6.905875
S4,T7411,6.905875
S4,T7412,6.905875
S4,T7413,6.905875
S4,T7414,6.905875
S4,T7415,6.905875
S4,T7416,6.905875
S4,T7417,15.932374999999995
S4,T7418,15.932374999999995
S4,T7419,15.932374999999995
S4,T7420,15.932374999999995
S4,T7421,15.932374999999995
S4,T7422,15.932374999999995
S4,T7423,15.932374999999995
S4,T7424,15.932374999999995
S4,T7425,15.932374999999995
S4,T7426,15.932374999999995
S4,T7427,15.932374999999995
S4,T7428,15.932374999999995
S4,T7429,15.932374999999995
S4,T7430,15.932374999999995
S4,T7431,15.932374999999995
S4,T7432,15.932374999999995
S4,T7433,15.932374999999995
S4,T7434,15.932374999999995
S4,T7435,15.932374999999995
S4,T7436,15.932374999999995
S4,T7437,15.932374999999995
S4,T7438,15.932374999999995
S4,T7439,15.932374999999995
S4,T7440,15.932374999999995
S4,T7441,16.593125
S4,T7442,16.593125
S4,T7443,16.593125
S4,T7444,16.593125
S4,T7445,16.593125
S4,T7446,16.593125
S4,T7447,16.593125
S4,T7448,16.593125
S4,T7449,16.593125
S4,T7450,16.593125
S4,T7451,16.593125
S4,T7452,16.593125
S4,T7453,16.593125
S4,T7454,16.593125
S4,T7455,16.593125
S4,T7456,16.593125
S4,T7457,16.593125
S4,T7458,16.593125
S4,T7459,16.593125
S4,T7460,16.593125
S4,T7461,16.593125
S4,T7462,16.593125
S4,T7463,16.593125
S4,T7464,16.593125
S4,T7465,20.734874999999995
S4,T7466,20.734874999999995
S4,T7467,20.734874999999995
S4,T7468,20.734874999999995
S4,T7469,20.734874999999995
S4,T7470,20.734874999999995
S4,T7471,20.734874999999995
S4,T7472,20.734874999999995
S4,T7473,20.734874999999995
S4,T7474,20.734874999999995
S4,T7475,20.734874999999995
S4,T7476,20.734874999999995
S4,T7477,20.734874999999995
S4,T7478,20.734874999999995
S4,T7479,20.734874999999995
S4,T7480,20.734874999999995
S4,T7481,20.734874999999995
S4,T7482,20.734874999999995
S4,T7483,20.734874999999995
S4,T7484,20.734874999999995
S4,T7485,20.734874999999995
S4,T7486,20.734874999999995
S4,T7487,20.734874999999995
S4,T7488,20.734874999999995
S4,T7489,21.655499999999996
S4,T7490,21.655499999999996
S4,T7491,21.655499999999996
S4,T7492,21.655499999999996
S4,T7493,21.655499999999996
S4,T7494,21.655499999999996
S4,T7495,21.655499999999996
S4,T7496,21.655499999999996
S4,T7497,21.655499999999996
S4,T7498,21.655499999999996
S4,T7499,21.655499999999996
S4,T7500,21.655499999999996
S4,T7501,21.655499999999996
S4,T7502,21.655499999999996
S4,T7503,21.655499999999996
S4,T7504,21.655499999999996
S4,T7505,21.655499999999996
S4,T7506,21.655499999999996
S4,T7507,21.655499999999996
S4,T7508,21.655499999999996
S4,T7509,21.655499999999996
S4,T7510,21.655499999999996
S4,T7511,21.655499999999996
S4,T7512,21.655499999999996
S4,T7513,24.571999999999996
S4,T7514,24.571999999999996
S4,T7515,24.571999999999996
S4,T7516,24.571999999999996
S4,T7517,24.571999999999996
S4,T7518,24.571999999999996
S4,T7519,24.571999999999996
S4,T7520,24.571999999999996
S4,T7521,24.571999999999996
S4,T7522,24.571999999999996
S4,T7523,24.571999999999996
S4,T7524,24.571999999999996
S4,T7525,24.571999999999996
S4,T7526,24.571999999999996
S4,T7527,24.571999999999996
S4,T7528,24.571999999999996
S4,T7529,24.571999999999996
S4,T7530,24.571999999999996
S4,T7531,24.571999999999996
S4,T7532,24.571999999999996
S4,T7533,24.571999999999996
S4,T7534,24.571999999999996
S4,T7535,24.571999999999996
S4,T7536,24.571999999999996
S4,T7537,21.087125
S4,T7538,21.087125
S4,T7539,21.087125
S4,T7540,21.087125
S4,T7541,21.087125
S4,T7542,21.087125
S4,T7543,21.087125
S4,T7544,21.087125
S4,T7545,21.087125
S4,T7546,21.087125
S4,T7547,21.087125
S4,T7548,21.087125
S4,T7549,21.087125
S4,T7550,21.087125
S4,T7551,21.087125
S4,T7552,21.087125
S4,T7553,21.087125
S4,T7554,21.087125
S4,T7555,21.087125
S4,T7556,21.087125
S4,T7557,21.087125
S4,T7558,21.087125
S4,T7559,21.087125
S4,T7560,21.087125
